DATA,CLASS
"'2','1018','240','25767','0','0','0','0'",36
"'2','574','847','14459','97308','14535','14813','97309'",0
"'2','574','907','14459','16518','20299','21636','97309'",1
"''3,574,847,1066,0,0,0,97439,97804'",0
"''3,574,907,1142,0,97457,97458,97459,97804'",1
"''3,629,1173,800,97453,0,0,0,0'",3
"''3,574,847,1066,0,0,0,97439,97804'",0
"''3,574,907,1142,0,97457,97458,97459,97804'",1
"''3,629,1173,800,97453,0,0,0,0'",3
"''3,1018,240,1429,97430,0,0,0,0'",38
"''3,1019,338,1428,97431,97432,97433,0,0'",38
"''3,1842,506,2186,0,0,0,0,0'",38
"''3,1562,509,1740,97434,97435,0,0,0'",38
"''3,1840,575,2009,0,0,0,0,0'",38
"''3,1562,578,1768,97434,97436,0,0,0'",38
"''3,206,691,480,97823,97437,97438,0,0'",38
"''3,208,756,733,0,97447,97715,0,0'",38
"''3,574,847,1066,0,0,0,97439,97804'",0
"''3,206,848,317,0,0,0,0,0'",38
"''3,574,907,1142,0,97457,97458,97459,97804'",1
"''3,206,908,491,97714,97432,0,0,0'",38
"''3,598,959,1031,0,97528,0,0,0'",38
"''3,210,963,482,97451,97432,97808,0,0'",38
"''3,574,1010,1028,0,0,97528,0,0'",38
"''3,207,1017,459,97451,97432,97447,0,0'",38
"''3,574,1065,878,0,0,0,0,0'",38
"''3,206,1066,433,97461,97462,0,0,0'",38
"''3,629,1173,800,97453,0,0,0,0'",3
"''3,226,1174,371,97591,0,0,0,0'",38
"''3,639,1239,722,1,1,1,1,1'",9
"''3,227,1243,366,97422,0,0,0,0'",38
"''3,639,1299,703,1,1,1,1,1'",14
"''3,226,1303,423,97424,0,0,0,0'",38
"''3,639,1362,703,1,1,1,1,1'",24
"''3,226,1366,333,97454,0,0,0,0'",38
"''3,639,1422,703,1,1,1,1,1'",38
"''3,227,1426,353,97456,0,0,0,0'",38
"''3,639,1485,703,1,1,1,1,1'",38
"''3,227,1489,350,0,0,0,0,0'",38
"''3,639,1545,703,1,1,1,1,1'",32
"''3,227,1549,344,0,0,0,0,0'",38
"''3,639,1605,703,1,1,1,1,1'",16
"''3,227,1609,388,97455,0,0,0,0'",38
"''3,648,1677,712,1,1,1,1,1'",38
"''3,233,1678,367,0,0,0,0,0'",38
"''3,227,1781,351,0,0,0,0,0'",38
"''3,1706,1908,2062,97430,97439,0,0,0'",38
"''7,3177,16,3189,1,1,1,1,1'",38
"''7,2974,19,3040,97635,0,0,0,0'",38
"''7,3296,20,3306,1,1,1,1,1'",38
"''7,1594,201,2277,97844,97595,97845,0,0'",38
"''7,1596,259,1770,0,0,0,0,0'",38
"''7,218,305,1354,0,0,0,0,97437'",38
"''7,1154,384,1623,97450,0,97845,0,0'",38
"''7,208,385,399,0,0,0,0,0'",0
"''7,1741,385,1999,0,0,0,0,0'",38
"''7,2269,386,2379,0,0,0,0,0'",38
"''7,2581,392,2643,0,0,0,0,0'",38
"''7,3072,392,3221,0,0,0,0,0'",38
"''7,336,473,584,97564,0,0,0,0'",1
"''7,220,474,252,1,1,1,1,1'",38
"''7,560,534,771,97449,97450,0,0,0'",38
"''7,2712,534,2866,0,0,0,0,0'",38
"''7,226,536,440,0,0,0,0,0'",38
"''7,1165,536,1274,1,1,1,1,1'",38
"''7,1525,536,1618,0,0,0,0,0'",38
"''7,1946,536,2023,1,1,1,1,1'",38
"''7,2576,536,2646,0,0,0,0,0'",38
"''7,1499,616,1618,0,0,0,0,0'",8
"''7,1928,616,2021,1,1,1,1,1'",8
"''7,2576,616,2646,0,0,0,0,0'",38
"''7,561,696,771,97449,97450,0,0,0'",38
"''7,1543,696,1617,1,1,1,1,1'",38
"''7,2576,696,2645,0,0,0,0,0'",38
"''7,2712,696,2866,0,0,0,0,0'",38
"''7,225,697,440,0,0,0,0,0'",38
"''7,1165,697,1274,1,1,1,1,1'",38
"''7,1962,697,2021,1,1,1,1,1'",38
"''7,560,776,691,97459,0,0,0,0'",38
"''7,1165,776,1275,1,1,1,1,1'",38
"''7,1498,776,1617,0,0,0,0,0'",38
"''7,2576,776,2645,0,0,0,0,0'",38
"''7,2712,776,2866,0,0,0,0,0'",38
"''7,1932,777,2024,1,1,1,1,1'",38
"''7,560,856,771,97449,97450,0,0,0'",38
"''7,2576,857,2647,0,0,0,0,0'",38
"''7,1165,858,1274,1,1,1,1,1'",38
"''7,2712,858,2865,0,0,0,0,0'",38
"''7,1499,859,1618,0,0,0,0,0'",38
"''7,1932,859,2022,1,1,1,1,1'",38
"''7,264,860,440,0,0,0,0,0'",38
"''7,1165,936,1274,1,1,1,1,1'",38
"''7,2712,936,2865,0,0,0,0,0'",38
"''7,562,937,691,97459,0,0,0,0'",38
"''7,1480,938,1619,0,0,0,0,0'",38
"''7,1906,940,2023,0,0,0,0,0'",38
"''7,2576,940,2647,0,0,0,0,0'",38
"''7,844,1025,1119,0,97614,0,0,0'",38
"''7,1482,1025,1616,0,0,0,0,0'",38
"''7,1905,1025,2022,0,0,0,0,0'",38
"''7,2488,1025,2529,1,1,1,1,1'",38
"''7,2576,1026,2647,0,0,0,0,0'",38
"''7,221,1080,462,0,97458,0,0,0'",38
"''7,560,1140,801,97458,0,0,0,0'",38
"''7,2712,1140,2865,0,0,0,0,0'",38
"''7,226,1144,440,0,0,0,0,0'",38
"''7,475,1144,515,0,0,0,0,0'",38
"''7,1165,1144,1274,1,1,1,1,1'",38
"''7,1499,1144,1618,0,0,0,0,0'",38
"''7,1930,1144,2023,1,1,1,1,1'",38
"''7,2576,1144,2646,0,0,0,0,0'",38
"''7,844,1226,1119,0,97614,0,0,0'",38
"''7,1496,1228,1618,0,0,0,0,0'",38
"''7,1928,1228,2022,1,1,1,1,1'",38
"''7,2488,1228,2529,1,1,1,1,1'",38
"''7,2576,1228,2648,0,0,0,0,0'",38
"''7,221,1283,431,0,0,0,0,0'",38
"''7,560,1344,776,0,0,0,0,0'",38
"''7,1165,1344,1275,1,1,1,1,1'",38
"''7,1501,1344,1617,0,0,0,0,0'",38
"''7,1930,1344,2021,1,1,1,1,1'",38
"''7,2576,1344,2645,0,0,0,0,0'",38
"''7,2712,1344,2866,0,0,0,0,0'",38
"''7,225,1345,440,0,0,0,0,0'",38
"''7,843,1430,1118,0,97614,0,0,0'",38
"''7,1499,1432,1618,0,0,0,0,0'",38
"''7,1929,1432,2024,1,1,1,1,1'",38
"''7,2488,1432,2530,1,1,1,1,1'",38
"''7,2576,1432,2648,0,0,0,0,0'",38
"''7,832,1501,1109,97614,0,0,0,0'",38
"''7,1482,1502,1616,0,0,0,0,0'",38
"''7,1902,1502,2023,0,0,0,0,0'",38
"''7,2576,1502,2648,0,0,0,0,0'",38
"''7,2488,1503,2529,1,1,1,1,1'",38
"''7,656,2238,1137,0,0,0,0,0'",38
"''7,656,2286,1334,0,0,0,0,0'",38
"''7,1908,2331,2612,0,0,97646,0,0'",38
"''7,652,2334,1023,0,0,0,0,0'",38
"''7,652,2380,1011,0,0,0,0,0'",38
"''7,1967,2390,2019,0,0,0,0,0'",38
"''3,1018,240,1429,97430,0,0,0,0'",38
"''3,1018,240,1429,97430,0,0,0,0'",38
"''3,574,847,1066,0,0,0,97439,97804'",0
"''3,574,907,1142,0,97457,97458,97459,97804'",1
"''3,574,847,1066,0,0,0,97439,97804'",0
"''3,574,907,1142,0,97457,97458,97459,97804'",1
"''3,629,1173,800,97453,0,0,0,0'",3
"''3,574,847,1066,0,0,0,97439,97804'",0
"''3,574,907,1142,0,97457,97458,97459,97804'",1
"''3,629,1173,800,97453,0,0,0,0'",3
"''3,639,1239,722,1,1,1,1,1'",37
"''3,227,1243,366,97422,0,0,0,0'",9
"''3,639,1299,703,1,1,1,1,1'",37
"''3,226,1303,423,97424,0,0,0,0'",14
"''3,639,1362,703,1,1,1,1,1'",37
"''3,226,1366,333,97454,0,0,0,0'",24
"''3,639,1545,703,1,1,1,1,1'",37
"''3,227,1549,344,0,0,0,0,0'",32
"''3,639,1605,703,1,1,1,1,1'",37
"''3,227,1609,388,97455,0,0,0,0'",16
"''3,574,847,1066,0,0,0,97439,97804'",0
"''3,574,907,1142,0,97457,97458,97459,97804'",1
"''3,639,1239,722,1,1,1,1,1'",9
"''3,227,1243,366,97422,0,0,0,0'",37
"''3,639,1299,703,1,1,1,1,1'",14
"''3,226,1303,423,97424,0,0,0,0'",37
"''3,574,847,1066,0,0,0,97439,97804'",0
"''3,574,907,1142,0,97457,97458,97459,97804'",1
"''3,629,1173,800,97453,0,0,0,0'",3
"''3,639,1239,722,1,1,1,1,1'",37
"''3,227,1243,366,97422,0,0,0,0'",9
"''3,639,1299,703,1,1,1,1,1'",37
"''3,226,1303,423,97424,0,0,0,0'",14
"''3,639,1362,703,1,1,1,1,1'",37
"''3,226,1366,333,97454,0,0,0,0'",24
"''3,639,1422,703,1,1,1,1,1'",37
"''3,227,1426,353,97456,0,0,0,0'",28
"''3,639,1485,703,1,1,1,1,1'",37
"''3,227,1489,350,0,0,0,0,0'",29
"''3,639,1545,703,1,1,1,1,1'",37
"''3,227,1549,344,0,0,0,0,0'",32
"''3,639,1605,703,1,1,1,1,1'",37
"''3,227,1609,388,97455,0,0,0,0'",16
"''3,648,1677,712,1,1,1,1,1'",37
"''3,574,847,1066,0,0,0,97439,97804'",0
"''3,574,907,1142,0,97457,97458,97459,97804'",1
"''3,629,1173,800,97453,0,0,0,0'",3
"''3,639,1239,722,1,1,1,1,1'",37
"''3,227,1243,366,97422,0,0,0,0'",9
"''3,639,1299,703,1,1,1,1,1'",37
"''3,226,1303,423,97424,0,0,0,0'",14
"''3,639,1362,703,1,1,1,1,1'",37
"''3,226,1366,333,97454,0,0,0,0'",24
"''3,639,1422,703,1,1,1,1,1'",37
"''3,227,1426,353,97456,0,0,0,0'",20
"''3,639,1485,703,1,1,1,1,1'",37
"''3,227,1489,350,0,0,0,0,0'",23
"''3,639,1545,703,1,1,1,1,1'",37
"''3,227,1549,344,0,0,0,0,0'",32
"''3,639,1605,703,1,1,1,1,1'",37
"''3,227,1609,388,97455,0,0,0,0'",16
"''3,648,1677,712,1,1,1,1,1'",37
"''3,1018,240,1429,97430,0,0,0,0'",38
"''3,1019,338,1428,97431,97432,97433,0,0'",38
"''3,1842,506,2186,0,0,0,0,0'",38
"''3,1562,509,1740,97434,97435,0,0,0'",38
"''3,1840,575,2009,0,0,0,0,0'",38
"''3,1562,578,1768,97434,97436,0,0,0'",38
"''3,206,691,480,97823,97437,97438,0,0'",38
"''3,208,756,733,0,97447,97715,0,0'",38
"''3,206,848,317,0,0,0,0,0'",38
"''3,574,907,1142,0,97457,97458,97459,97804'",1
"''3,206,908,491,97714,97432,0,0,0'",38
"''3,598,959,1031,0,97528,0,0,0'",38
"''3,210,963,482,97451,97432,97808,0,0'",38
"''3,574,1010,1028,0,0,97528,0,0'",38
"''3,207,1017,459,97451,97432,97447,0,0'",38
"''3,574,1065,878,0,0,0,0,0'",38
"''3,206,1066,433,97461,97462,0,0,0'",38
"''3,629,1173,800,97453,0,0,0,0'",3
"''3,226,1174,371,97591,0,0,0,0'",38
"''3,639,1239,722,1,1,1,1,1'",37
"''3,227,1243,366,97422,0,0,0,0'",9
"''3,639,1299,703,1,1,1,1,1'",37
"''3,226,1303,423,97424,0,0,0,0'",14
"''3,639,1362,703,1,1,1,1,1'",37
"''3,226,1366,333,97454,0,0,0,0'",24
"''3,639,1422,703,1,1,1,1,1'",37
"''3,227,1426,353,97456,0,0,0,0'",20
"''3,639,1485,703,1,1,1,1,1'",37
"''3,227,1489,350,0,0,0,0,0'",21
"''3,639,1545,703,1,1,1,1,1'",37
"''3,227,1549,344,0,0,0,0,0'",32
"''3,639,1605,703,1,1,1,1,1'",37
"''3,227,1609,388,97455,0,0,0,0'",16
"''3,648,1677,712,1,1,1,1,1'",37
"''3,233,1678,367,0,0,0,0,0'",38
"''3,227,1781,351,0,0,0,0,0'",38
"''3,1706,1908,2062,97430,97439,0,0,0'",38
"''3,1018,240,1429,97430,0,0,0,0'",38
"''3,1019,338,1428,97431,97432,97433,0,0'",38
"''3,1842,506,2186,0,0,0,0,0'",38
"''3,1562,509,1740,97434,97435,0,0,0'",38
"''3,1840,575,2009,0,0,0,0,0'",38
"''3,1562,578,1768,97434,97436,0,0,0'",38
"''3,206,691,480,97823,97437,97438,0,0'",38
"''3,208,756,733,0,97447,97715,0,0'",38
"''3,206,848,317,0,0,0,0,0'",38
"''3,574,907,1142,0,97457,97458,97459,97804'",1
"''3,206,908,491,97714,97432,0,0,0'",38
"''3,598,959,1031,0,97528,0,0,0'",38
"''3,210,963,482,97451,97432,97808,0,0'",38
"''3,574,1010,1028,0,0,97528,0,0'",38
"''3,207,1017,459,97451,97432,97447,0,0'",38
"''3,574,1065,878,0,0,0,0,0'",38
"''3,206,1066,433,97461,97462,0,0,0'",38
"''3,629,1173,800,97453,0,0,0,0'",3
"''3,226,1174,371,97591,0,0,0,0'",38
"''3,639,1239,722,1,1,1,1,1'",37
"''3,227,1243,366,97422,0,0,0,0'",9
"''3,639,1299,703,1,1,1,1,1'",37
"''3,226,1303,423,97424,0,0,0,0'",14
"''3,639,1362,703,1,1,1,1,1'",37
"''3,226,1366,333,97454,0,0,0,0'",24
"''3,639,1422,703,1,1,1,1,1'",37
"''3,227,1426,353,97456,0,0,0,0'",20
"''3,639,1485,703,1,1,1,1,1'",37
"''3,227,1489,350,97850,0,0,0,0'",21
"''3,639,1545,703,1,1,1,1,1'",37
"''3,227,1549,344,97851,0,0,0,0'",32
"''3,639,1605,703,1,1,1,1,1'",37
"''3,227,1609,388,97455,0,0,0,0'",16
"''3,648,1677,712,1,1,1,1,1'",37
"''3,233,1678,367,0,0,0,0,0'",38
"''3,227,1781,351,0,0,0,0,0'",38
"''3,1706,1908,2062,97430,97439,0,0,0'",38
"''3,1018,240,1429,97430,0,0,0,0'",38
"''3,1019,338,1428,97431,97432,97433,0,0'",38
"''3,1842,506,2186,0,0,0,0,0'",38
"''3,1562,509,1740,97434,97435,0,0,0'",38
"''3,1840,575,2009,0,0,0,0,0'",38
"''3,1562,578,1768,97434,97436,0,0,0'",38
"''3,206,691,480,97823,97437,97438,0,0'",38
"''3,208,756,733,0,97447,97715,0,0'",38
"''3,574,847,1066,0,0,0,97439,97804'",38
"''3,206,848,317,0,0,0,0,0'",38
"''3,574,907,1142,0,97457,97458,97459,97804'",38
"''3,206,908,491,97714,97432,0,0,0'",38
"''3,598,959,1031,0,97528,0,0,0'",38
"''3,210,963,482,97451,97432,97808,0,0'",38
"''3,574,1010,1028,0,0,97528,0,0'",38
"''3,207,1017,459,97451,97432,97447,0,0'",38
"''3,574,1065,878,0,0,0,0,0'",38
"''3,206,1066,433,97461,97462,0,0,0'",38
"''3,629,1173,800,97453,0,0,0,0'",38
"''3,226,1174,371,97591,0,0,0,0'",38
"''3,639,1239,722,1,1,1,1,1'",38
"''3,227,1243,366,97422,0,0,0,0'",38
"''3,639,1299,703,1,1,1,1,1'",38
"''3,226,1303,423,97424,0,0,0,0'",38
"''3,639,1362,703,1,1,1,1,1'",38
"''3,226,1366,333,97454,0,0,0,0'",38
"''3,639,1422,703,1,1,1,1,1'",38
"''3,227,1426,353,97456,0,0,0,0'",38
"''3,639,1485,703,1,1,1,1,1'",38
"''3,227,1489,350,97850,0,0,0,0'",38
"''3,639,1545,703,1,1,1,1,1'",38
"''3,227,1549,344,97851,0,0,0,0'",38
"''3,639,1605,703,1,1,1,1,1'",38
"''3,227,1609,388,97455,0,0,0,0'",38
"''3,648,1677,712,1,1,1,1,1'",38
"''3,233,1678,367,0,0,0,0,0'",38
"''3,227,1781,351,0,0,0,0,0'",38
"''3,1706,1908,2062,97430,97439,0,0,0'",38
"''3,1018,240,1429,97430,0,0,0,0'",38
"''3,1019,338,1428,97431,97432,97433,0,0'",38
"''3,1842,506,2186,0,0,0,0,0'",38
"''3,1562,509,1740,97434,97435,0,0,0'",38
"''3,1840,575,2009,0,0,0,0,0'",38
"''3,1562,578,1768,97434,97436,0,0,0'",38
"''3,206,691,480,97823,97437,97438,0,0'",38
"''3,208,756,733,0,97447,97715,0,0'",38
"''3,574,847,1066,0,0,0,97439,97804'",38
"''3,206,848,317,0,0,0,0,0'",38
"''3,574,907,1142,0,97457,97458,97459,97804'",38
"''3,206,908,491,97714,97432,0,0,0'",38
"''3,598,959,1031,0,97528,0,0,0'",38
"''3,210,963,482,97451,97432,97808,0,0'",38
"''3,574,1010,1028,0,0,97528,0,0'",38
"''3,207,1017,459,97451,97432,97447,0,0'",38
"''3,574,1065,878,0,0,0,0,0'",38
"''3,206,1066,433,97461,97462,0,0,0'",38
"''3,629,1173,800,97453,0,0,0,0'",38
"''3,226,1174,371,97591,0,0,0,0'",38
"''3,639,1239,722,1,1,1,1,1'",38
"''3,227,1243,366,97422,0,0,0,0'",38
"''3,639,1299,703,1,1,1,1,1'",38
"''3,226,1303,423,97424,0,0,0,0'",38
"''3,639,1362,703,1,1,1,1,1'",38
"''3,226,1366,333,97454,0,0,0,0'",38
"''3,639,1422,703,1,1,1,1,1'",38
"''3,227,1426,353,97456,0,0,0,0'",38
"''3,639,1485,703,1,1,1,1,1'",38
"''3,227,1489,350,97850,0,0,0,0'",38
"''3,639,1545,703,1,1,1,1,1'",38
"''3,227,1549,344,97851,0,0,0,0'",38
"''3,639,1605,703,1,1,1,1,1'",38
"''3,227,1609,388,97455,0,0,0,0'",38
"''3,648,1677,712,1,1,1,1,1'",38
"''3,233,1678,367,0,0,0,0,0'",38
"''3,641,1774,722,0,0,0,0,0'",38
"''3,227,1781,351,0,0,0,0,0'",38
"''3,1706,1908,2062,97430,97439,0,0,0'",38
"''3,1018,240,1429,97430,0,0,0,0'",38
"''3,1019,338,1428,97431,97432,97433,0,0'",38
"''3,1842,506,2186,0,0,0,0,0'",38
"''3,1562,509,1740,97434,97435,0,0,0'",38
"''3,1840,575,2009,0,0,0,0,0'",38
"''3,1562,578,1768,97434,97436,0,0,0'",38
"''3,206,691,480,97823,97437,97438,0,0'",38
"''3,208,756,733,0,97447,97715,0,0'",38
"''3,206,848,317,0,0,0,0,0'",38
"''3,574,907,1142,0,97457,97458,97459,97804'",1
"''3,206,908,491,97714,97432,0,0,0'",38
"''3,598,959,1031,0,97528,0,0,0'",38
"''3,210,963,482,97451,97432,97808,0,0'",38
"''3,574,1010,1028,0,0,97528,0,0'",38
"''3,207,1017,459,97451,97432,97447,0,0'",38
"''3,574,1065,878,0,0,0,0,0'",38
"''3,206,1066,433,97461,97462,0,0,0'",38
"''3,629,1173,800,97453,0,0,0,0'",3
"''3,226,1174,371,97591,0,0,0,0'",38
"''3,639,1239,722,1,1,1,1,1'",37
"''3,227,1243,366,97422,0,0,0,0'",9
"''3,639,1299,703,1,1,1,1,1'",37
"''3,226,1303,423,97424,0,0,0,0'",14
"''3,639,1362,703,1,1,1,1,1'",37
"''3,226,1366,333,97454,0,0,0,0'",24
"''3,639,1422,703,1,1,1,1,1'",37
"''3,227,1426,353,97456,0,0,0,0'",20
"''3,639,1485,703,1,1,1,1,1'",37
"''3,227,1489,350,97850,0,0,0,0'",21
"''3,639,1545,703,1,1,1,1,1'",37
"''3,227,1549,344,97851,0,0,0,0'",32
"''3,639,1605,703,1,1,1,1,1'",37
"''3,227,1609,388,97455,0,0,0,0'",16
"''3,648,1677,712,1,1,1,1,1'",37
"''3,233,1678,367,97852,0,0,0,0'",10
"''3,641,1774,722,0,0,0,0,0'",37
"''3,227,1781,351,97853,0,0,0,0'",19
"''3,1706,1908,2062,97430,97439,0,0,0'",38
"''3,629,1173,800,97453,0,0,0,0'",38
"''3,1018,240,1429,97430,0,0,0,0'",38
"''3,1019,338,1428,97431,97432,97433,0,0'",38
"''3,1842,506,2186,0,0,0,0,0'",38
"''3,1562,509,1740,97434,97435,0,0,0'",38
"''3,1840,575,2009,0,0,0,0,0'",38
"''3,1562,578,1768,97434,97436,0,0,0'",38
"''3,206,691,480,97823,97437,97438,0,0'",38
"''3,208,756,733,0,97447,97715,0,0'",38
"''3,206,848,317,0,0,0,0,0'",38
"''3,574,907,1142,0,97457,97458,97459,97804'",1
"''3,206,908,491,97714,97432,0,0,0'",38
"''3,598,959,1031,0,97528,0,0,0'",38
"''3,210,963,482,97451,97432,97808,0,0'",38
"''3,574,1010,1028,0,0,97528,0,0'",38
"''3,207,1017,459,97451,97432,97447,0,0'",38
"''3,574,1065,878,0,0,0,0,0'",38
"''3,206,1066,433,97461,97462,0,0,0'",38
"''3,629,1173,800,97453,0,0,0,0'",3
"''3,226,1174,371,97591,0,0,0,0'",38
"''3,639,1239,722,1,1,1,1,1'",37
"''3,227,1243,366,97422,0,0,0,0'",9
"''3,639,1299,703,1,1,1,1,1'",37
"''3,226,1303,423,97424,0,0,0,0'",14
"''3,639,1362,703,1,1,1,1,1'",37
"''3,226,1366,333,97454,0,0,0,0'",24
"''3,639,1422,703,1,1,1,1,1'",37
"''3,227,1426,353,97456,0,0,0,0'",20
"''3,639,1485,703,1,1,1,1,1'",37
"''3,227,1489,350,97850,0,0,0,0'",22
"''3,639,1545,703,1,1,1,1,1'",37
"''3,227,1549,344,97851,0,0,0,0'",32
"''3,639,1605,703,1,1,1,1,1'",37
"''3,227,1609,388,97455,0,0,0,0'",16
"''3,648,1677,712,1,1,1,1,1'",37
"''3,233,1678,367,97852,0,0,0,0'",10
"''3,641,1774,722,0,0,0,0,0'",37
"''3,227,1781,351,97853,0,0,0,0'",19
"''3,1706,1908,2062,97430,97439,0,0,0'",38
"''3,1018,240,1429,97430,0,0,0,0'",38
"''3,1019,338,1428,97431,97432,97433,0,0'",38
"''3,1842,506,2186,0,0,0,0,0'",38
"''3,1562,509,1740,97434,97435,0,0,0'",38
"''3,1840,575,2009,0,0,0,0,0'",38
"''3,1562,578,1768,97434,97436,0,0,0'",38
"''3,206,691,480,97823,97437,97438,0,0'",38
"''3,208,756,733,0,97447,97715,0,0'",38
"''3,206,848,317,0,0,0,0,0'",38
"''3,574,907,1142,0,97457,97458,97459,97804'",1
"''3,206,908,491,97714,97432,0,0,0'",38
"''3,598,959,1031,0,97528,0,0,0'",38
"''3,210,963,482,97451,97432,97808,0,0'",38
"''3,574,1010,1028,0,0,97528,0,0'",38
"''3,207,1017,459,97451,97432,97447,0,0'",38
"''3,574,1065,878,0,0,0,0,0'",38
"''3,206,1066,433,97461,97462,0,0,0'",38
"''3,629,1173,800,97453,0,0,0,0'",3
"''3,226,1174,371,97591,0,0,0,0'",38
"''3,639,1239,722,1,1,1,1,1'",38
"''3,227,1243,366,97422,0,0,0,0'",38
"''3,639,1299,703,1,1,1,1,1'",38
"''3,226,1303,423,97424,0,0,0,0'",38
"''3,639,1362,703,1,1,1,1,1'",38
"''3,226,1366,333,97454,0,0,0,0'",38
"''3,639,1422,703,1,1,1,1,1'",38
"''3,227,1426,353,97456,0,0,0,0'",38
"''3,639,1485,703,1,1,1,1,1'",38
"''3,227,1489,350,97850,0,0,0,0'",38
"''3,639,1545,703,1,1,1,1,1'",38
"''3,227,1549,344,97851,0,0,0,0'",38
"''3,639,1605,703,1,1,1,1,1'",38
"''3,227,1609,388,97455,0,0,0,0'",38
"''3,648,1677,712,1,1,1,1,1'",38
"''3,233,1678,367,97852,0,0,0,0'",38
"''3,641,1774,722,0,0,0,0,0'",38
"''3,227,1781,351,97853,0,0,0,0'",38
"''3,1706,1908,2062,97430,97439,0,0,0'",38
"''3,1018,240,1429,97430,0,0,0,0'",38
"''3,1019,338,1428,97431,97432,97433,0,0'",38
"''3,1842,506,2186,0,0,0,0,0'",38
"''3,1562,509,1740,97434,97435,0,0,0'",38
"''3,1840,575,2009,0,0,0,0,0'",38
"''3,1562,578,1768,97434,97436,0,0,0'",38
"''3,206,691,480,97823,97437,97438,0,0'",38
"''3,208,756,733,0,97447,97715,0,0'",38
"''3,574,847,1066,0,0,0,97439,97804'",0
"''3,206,848,317,0,0,0,0,0'",38
"''3,574,907,1142,0,97457,97458,97459,97804'",1
"''3,206,908,491,97714,97432,0,0,0'",38
"''3,598,959,1031,0,97528,0,0,0'",38
"''3,210,963,482,97451,97432,97808,0,0'",38
"''3,574,1010,1028,0,0,97528,0,0'",38
"''3,207,1017,459,97451,97432,97447,0,0'",38
"''3,574,1065,878,0,0,0,0,0'",38
"''3,206,1066,433,97461,97462,0,0,0'",38
"''3,629,1173,800,97453,0,0,0,0'",3
"''3,226,1174,371,97591,0,0,0,0'",38
"''3,639,1239,722,1,1,1,1,1'",37
"''3,227,1243,366,97422,0,0,0,0'",9
"''3,639,1299,703,1,1,1,1,1'",37
"''3,226,1303,423,97424,0,0,0,0'",14
"''3,639,1362,703,1,1,1,1,1'",37
"''3,226,1366,333,97454,0,0,0,0'",24
"''3,639,1422,703,1,1,1,1,1'",37
"''3,227,1426,353,97456,0,0,0,0'",20
"''3,639,1485,703,1,1,1,1,1'",37
"''3,227,1489,350,97850,0,0,0,0'",22
"''3,639,1545,703,1,1,1,1,1'",37
"''3,227,1549,344,97851,0,0,0,0'",32
"''3,639,1605,703,1,1,1,1,1'",37
"''3,227,1609,388,97455,0,0,0,0'",16
"''3,648,1677,712,1,1,1,1,1'",37
"''3,233,1678,367,97852,0,0,0,0'",10
"''3,641,1774,722,0,0,0,0,0'",37
"''3,227,1781,351,97853,0,0,0,0'",17
"''3,1706,1908,2062,97430,97439,0,0,0'",38
"''16,1933,350,2279,97861,0,0,0,0'",38
"''16,1934,524,2330,97862,97438,0,0,0'",38
"''16,1935,578,2104,97866,97867,0,0,0'",38
"''16,1934,605,2348,97868,97625,97869,0,97869'",38
"''16,1935,647,2248,0,97871,97872,0,0'",38
"''16,1934,717,1980,0,0,0,0,0'",38
"''16,2080,717,2305,0,0,0,0,0'",38
"''16,1933,770,2119,0,0,0,0,0'",38
"''16,1291,857,1521,97565,97462,0,0,0'",38
"''16,1705,857,1943,0,0,0,0,0'",38
"''16,119,865,585,97437,97529,97531,0,0'",38
"''16,1290,897,1506,97553,97590,0,0,0'",38
"''16,1705,897,2001,0,0,0,0,0'",38
"''16,117,905,587,0,0,0,0,0'",38
"''16,1289,936,1537,0,0,0,0,0'",38
"''16,1705,936,1856,1,1,1,1,1'",38
"''16,118,944,202,97543,0,0,0,0'",38
"''16,1288,976,1527,97556,97462,0,0,0'",38
"''16,1703,976,1770,0,0,0,0,0'",35
"''16,119,983,712,0,0,97547,97432,97546'",38
"''16,1288,1016,1543,97452,97590,0,0,0'",38
"''16,1703,1016,2006,0,0,0,0,0'",38
"''16,1291,1056,1358,97436,0,0,0,0'",38
"''16,1705,1056,1904,0,0,97804,0,0'",38
"''16,119,1062,411,97800,97620,0,0,0'",38
"''16,1290,1094,1405,97533,0,0,0,0'",38
"''16,1681,1094,1906,0,0,0,0,0'",38
"''16,119,1102,341,0,0,0,0,0'",38
"''16,1704,1134,1961,0,0,0,0,0'",38
"''16,1291,1174,1653,0,0,0,0,0'",38
"''16,119,1387,279,0,0,0,0,0'",38
"''16,420,1387,996,0,0,97439,0,0'",0
"''16,118,1426,356,0,97587,0,0,0'",38
"''16,418,1426,700,0,0,0,0,0'",1
"''16,419,1465,863,97642,97643,0,97528,97642'",38
"''16,119,1466,212,97451,0,0,0,0'",38
"''16,117,1506,190,0,0,0,0,0'",38
"''16,421,1506,546,97584,0,0,0,0'",38
"''16,421,1544,727,97873,97570,0,0,0'",3
"''16,119,1545,204,0,0,0,0,0'",38
"''16,421,1584,820,0,97584,0,0,0'",38
"''16,119,1585,229,97851,0,0,0,0'",32
"''16,118,1665,2239,0,0,0,0,0'",38
"''16,118,1703,2302,0,97856,97620,0,0'",38
"''16,117,1744,184,0,0,0,0,0'",38
"''16,119,1783,1583,0,97528,97620,0,0'",38
"''16,1244,1863,1313,97873,0,0,0,0'",38
"''16,119,1905,405,97593,97588,97528,97874,0'",26
"''16,118,1947,288,97874,97578,0,0,0'",27
"''16,116,1989,277,97875,97422,0,0,0'",9
"''16,1185,1989,1355,0,0,0,0,0'",37
"''16,116,2031,243,97876,0,0,0,0'",5
"''16,1185,2031,1349,0,0,0,0,0'",37
"''16,119,2072,433,97603,97878,97879,0,0'",6
"''16,1185,2072,1355,0,0,0,0,0'",37
"''16,119,2114,298,97618,97880,0,0,0'",33
"''16,1223,2114,1354,0,0,0,0,0'",37
"''16,119,2155,467,97881,97882,97463,0,0'",17
"''16,1270,2155,1354,1,1,1,1,1'",37
"''16,119,2197,710,97883,97422,97455,0,0'",16
"''16,1252,2197,1355,1,1,1,1,1'",37
"''16,119,2238,326,97617,97422,0,0,0'",11
"''16,1222,2238,1354,0,0,0,0,0'",37
"''16,119,2321,438,97618,97528,0,0,0'",36
"''16,1269,2321,1353,1,1,1,1,1'",37
"''16,119,2369,1640,0,0,0,97454,0'",38
"''16,913,3297,1566,97862,97438,0,0,0'",38
"''16,116,2031,243,97876,0,0,0,0'",38
"''16,119,2155,467,97881,97882,97463,0,0'",38
"''16,1933,350,2279,97861,0,0,0,0'",38
"''16,1934,524,2330,97862,97438,97863,97864,97865'",38
"''16,1935,578,2104,97866,97867,0,0,0'",38
"''16,1934,605,2348,97868,97625,97869,97722,97869'",38
"''16,1935,647,2248,97870,97871,97872,0,0'",38
"''16,1934,717,1980,97731,0,0,0,0'",38
"''16,2080,717,2305,97729,0,0,0,0'",38
"''16,1933,770,2119,0,0,0,0,0'",38
"''16,1291,857,1521,97565,97462,0,0,0'",38
"''16,1705,857,1943,0,0,0,0,0'",38
"''16,119,865,585,97437,97529,97531,0,0'",38
"''16,1290,897,1506,97553,97590,0,0,0'",38
"''16,1705,897,2001,0,0,0,0,0'",38
"''16,117,905,587,0,97540,0,0,0'",38
"''16,1289,936,1537,0,97550,0,0,0'",38
"''16,1705,936,1856,1,1,1,1,1'",38
"''16,118,944,202,97543,0,0,0,0'",38
"''16,1288,976,1527,97556,97462,0,0,0'",38
"''16,1703,976,1770,0,0,0,0,0'",38
"''16,119,983,712,0,0,97547,97432,97546'",38
"''16,1288,1016,1543,97452,97590,0,0,0'",38
"''16,1703,1016,2006,0,0,0,0,0'",38
"''16,1291,1056,1358,97436,0,0,0,0'",38
"''16,1705,1056,1904,0,0,97804,0,0'",38
"''16,119,1062,411,97800,97620,0,97432,0'",38
"''16,1290,1094,1405,97533,0,0,0,0'",38
"''16,1681,1094,1906,0,0,0,0,0'",38
"''16,119,1102,341,0,0,0,0,0'",38
"''16,1704,1134,1961,97729,0,0,0,0'",38
"''16,1291,1174,1653,0,0,0,0,0'",38
"''16,119,1387,279,0,0,0,0,0'",38
"''16,420,1387,996,0,0,97439,0,0'",0
"''16,118,1426,356,0,97587,0,0,0'",38
"''16,418,1426,700,0,0,0,0,0'",1
"''16,419,1465,863,97642,97643,0,97528,97642'",38
"''16,119,1466,212,97451,0,0,0,0'",38
"''16,117,1506,190,0,0,0,0,0'",38
"''16,421,1506,546,97584,0,0,0,0'",38
"''16,421,1544,727,97873,97570,0,0,0'",3
"''16,119,1545,204,0,0,0,0,0'",38
"''16,421,1584,820,0,97584,0,0,0'",38
"''16,119,1585,229,97851,0,0,0,0'",38
"''16,118,1665,2239,0,0,0,0,0'",38
"''16,118,1703,2302,0,97856,97620,0,0'",38
"''16,117,1744,184,0,0,0,0,0'",38
"''16,119,1783,1583,0,97528,97620,0,0'",38
"''16,1244,1863,1313,97873,0,0,0,0'",38
"''16,119,1905,405,97593,97588,97528,97874,0'",6
"''16,118,1947,288,97874,97578,0,0,0'",5
"''16,116,1989,277,97875,97422,0,0,0'",9
"''16,1185,1989,1355,1,1,1,1,1'",37
"''16,116,2031,243,97876,97877,0,0,0'",38
"''16,1185,2031,1349,1,1,1,1,1'",37
"''16,119,2072,433,97603,97878,97879,0,0'",30
"''16,1185,2072,1355,1,1,1,1,1'",37
"''16,119,2114,298,97618,97880,0,0,0'",38
"''16,1223,2114,1354,1,1,1,1,1'",37
"''16,119,2155,467,97881,97882,97463,97729,0'",17
"''16,1270,2155,1354,1,1,1,1,1'",37
"''16,119,2197,710,97883,97422,97455,97884,0'",16
"''16,1252,2197,1355,1,1,1,1,1'",37
"''16,119,2238,326,97617,97422,0,0,0'",9
"''16,1222,2238,1354,1,1,1,1,1'",37
"''16,119,2321,438,97618,97528,0,97877,0'",38
"''16,1269,2321,1353,1,1,1,1,1'",37
"''16,119,2369,1640,0,0,0,97454,0'",38
"''16,913,3297,1566,97862,97438,0,0,0'",38
"''17,667,300,1803,97620,97885,97886,0,0'",38
"''17,950,395,1520,97439,97887,0,0,0'",38
"''17,776,604,1620,97715,97432,97888,97529,97588'",38
"''17,206,753,405,97528,97862,97438,0,0'",38
"''17,206,853,939,97889,97436,97890,97891,97892'",38
"''17,1211,853,1469,97581,97435,0,0,0'",38
"''17,206,950,2115,97442,97581,0,97620,97614'",38
"''17,215,1002,401,0,0,0,0,0'",38
"''17,260,1102,595,97596,97845,97593,0,0'",6
"''17,206,1151,226,1,1,1,1,1'",38
"''17,260,1151,859,97596,97641,97894,97593,0'",6
"''17,1383,1154,1557,1,1,1,1,1'",37
"''17,206,1203,238,1,1,1,1,1'",38
"''17,260,1203,736,97614,97596,97593,97895,97896'",17
"''17,206,1251,235,1,1,1,1,1'",38
"''17,260,1251,919,97897,97898,97899,97900,0'",25
"''17,1434,1254,1557,1,1,1,1,1'",37
"''17,260,1300,721,97617,97593,97588,97891,97901'",30
"''17,206,1303,226,1,1,1,1,1'",38
"''17,1357,1303,1557,1,1,1,1,1'",37
"''17,206,1352,235,1,1,1,1,1'",38
"''17,260,1352,882,97617,97845,97595,97903,0'",31
"''17,1434,1352,1552,0,0,0,0,0'",37
"''17,206,1400,235,1,1,1,1,1'",38
"''17,258,1400,856,97614,97617,97588,97594,97884'",30
"''17,206,1552,1872,97617,97593,97553,97528,97436'",38
"''17,206,1652,953,0,97614,97617,97593,97588'",38
"''17,1357,1655,1557,0,0,0,0,0'",37
"''17,206,1703,598,97905,97617,97588,97579,0'",30
"''17,209,1757,707,0,97906,97588,97907,97901'",26
"''17,1380,1760,1557,0,0,0,0,0'",38
"''17,209,1809,670,97895,97531,0,0,0'",38
"''17,936,1809,994,1,1,1,1,1'",38
"''17,206,1867,681,97710,97617,97529,97553,0'",24
"''17,1380,1868,1557,97907,0,0,0,0'",37
"''17,206,1916,859,97908,97603,97429,97615,97909'",32
"''17,1380,1919,1557,97907,0,0,0,0'",37
"''17,206,1973,859,97910,97617,97911,97618,97912'",33
"''17,1434,1976,1552,1,1,1,1,1'",37
"''17,615,2073,936,97590,97432,97454,0,0'",38
"''17,1222,2073,1577,0,97616,97528,97436,0'",38
"''17,1855,2076,1952,1,1,1,1,1'",38
"''17,1222,2124,1540,97751,0,97528,0,0'",38
"''17,1855,2124,1952,0,0,0,0,0'",38
"''17,203,2276,2113,97442,0,0,97620,0'",38
"''17,206,2327,1128,0,0,0,0,97528'",38
"''17,206,2425,1297,0,97885,0,0,0'",38
"''17,203,2526,1010,97885,0,0,97439,97531'",38
"''17,203,2774,530,0,0,0,0,0'",38
"''17,613,2774,736,0,0,0,0,0'",38
"''17,870,2774,1199,0,0,0,0,0'",38
"''17,739,3169,1995,0,97902,0,97885,0'",38
"''18,274,158,582,97913,0,0,0,0'",38
"''18,1053,352,1457,97553,97914,0,0,0'",38
"''18,1850,499,2068,97915,97916,97804,0,0'",38
"''18,1406,500,1642,97464,97436,0,0,0'",38
"''18,269,503,872,97437,97529,97531,0,0'",38
"''18,268,556,611,0,97540,0,0,0'",38
"''18,1404,561,1642,97552,97550,0,0,0'",38
"''18,1852,561,2024,0,0,0,0,0'",38
"''18,268,611,492,0,0,0,0,0'",38
"''18,1851,617,2211,0,0,0,0,0'",38
"''18,1407,618,1679,97913,97553,97550,0,0'",38
"''18,266,666,555,97543,97544,0,0,0'",38
"''18,1405,674,1620,97464,97550,0,0,0'",38
"''18,1850,674,2052,0,0,0,0,0'",38
"''18,268,720,513,97625,97546,0,0,0'",38
"''18,1404,731,1692,97556,97462,0,0,0'",38
"''18,1851,731,2095,0,0,0,0,0'",35
"''18,320,810,763,97420,97528,97529,0,0'",38
"''18,320,859,746,97917,97591,97873,0,0'",3
"''18,991,859,1295,0,97591,0,0,0'",38
"''18,1323,860,1400,97873,0,0,0,0'",3
"''18,2023,919,2220,0,97450,0,0,0'",38
"''18,790,920,956,0,0,0,0,0'",38
"''18,1976,981,2222,0,0,0,0,0'",37
"''18,310,982,399,97918,0,0,0,0'",7
"''18,1700,1034,1775,97873,0,0,0,0'",38
"''18,2022,1034,2215,1,1,1,1,1'",37
"''18,350,1042,432,97588,0,0,0,0'",26
"''18,2044,1093,2216,1,1,1,1,1'",37
"''18,1700,1094,1776,97873,0,0,0,0'",38
"''18,753,1100,950,1,1,1,1,1'",37
"''18,350,1105,498,97602,0,0,0,0'",32
"''18,1701,1160,1775,97873,0,0,0,0'",38
"''18,2022,1160,2215,1,1,1,1,1'",37
"''18,315,1169,417,97614,0,0,0,0'",38
"''18,309,1266,645,97615,0,0,0,0'",38
"''18,1723,1319,1797,97873,0,0,0,0'",38
"''18,1173,1320,1574,0,0,97588,0,0'",38
"''18,2022,1320,2216,1,1,1,1,1'",38
"''18,350,1330,432,97588,0,0,0,0'",26
"''18,753,1381,950,1,1,1,1,1'",37
"''18,1104,1382,1574,0,0,97602,0,0'",38
"''18,1722,1382,1797,97873,0,0,0,0'",38
"''18,2044,1382,2217,1,1,1,1,1'",37
"''18,350,1392,498,97602,0,0,0,0'",32
"''18,312,1506,597,0,0,0,0,0'",38
"''18,1201,1507,1719,0,0,0,0,0'",38
"''18,1559,1565,1730,1,1,1,1,1'",37
"''18,2106,1565,2225,1,1,1,1,1'",37
"''18,781,1566,952,1,1,1,1,1'",37
"''18,1087,1566,1400,97576,97873,0,0,0'",38
"''18,1778,1566,1853,97873,0,0,0,0'",38
"''18,350,1576,430,97588,0,0,0,0'",26
"''18,2109,1624,2226,1,1,1,1,1'",37
"''18,799,1625,952,1,1,1,1,1'",37
"''18,1086,1625,1400,97576,97873,0,0,0'",38
"''18,1577,1625,1730,1,1,1,1,1'",37
"''18,1778,1625,1853,97873,0,0,0,0'",38
"''18,350,1636,498,97602,0,0,0,0'",32
"''18,778,1691,952,1,1,1,1,1'",37
"''18,1779,1691,1854,97873,0,0,0,0'",38
"''18,2107,1691,2225,1,1,1,1,1'",37
"''18,315,1701,417,97614,0,0,0,0'",17
"''18,1742,1815,1839,97873,0,0,0,0'",38
"''18,2066,1815,2232,1,1,1,1,1'",37
"''18,1229,1823,1669,97617,97618,97619,97919,0'",17
"''18,312,1976,558,0,0,0,0,0'",38
"''18,778,2032,973,1,1,1,1,1'",37
"''18,1785,2032,1859,97873,0,0,0,0'",38
"''18,2076,2032,2230,1,1,1,1,1'",37
"''18,335,2041,415,97588,0,0,0,0'",26
"''18,896,2093,971,1,1,1,1,1'",37
"''18,2157,2093,2232,1,1,1,1,1'",37
"''18,1785,2094,1860,97873,0,0,0,0'",38
"''18,310,2105,458,97602,0,0,0,0'",32
"''18,778,2157,973,1,1,1,1,1'",37
"''18,1785,2157,1859,97873,0,0,0,0'",38
"''18,2077,2157,2231,1,1,1,1,1'",37
"''18,315,2165,417,97614,0,0,0,0'",17
"''18,290,2272,521,0,0,0,0,0'",38
"''18,300,2353,1256,97800,0,0,0,97533'",38
"''18,1284,2353,1665,97729,0,0,0,0'",38
"''18,295,2406,892,0,0,0,0,0'",38
"''18,264,2520,551,0,0,0,0,0'",38
"''18,263,2591,360,97873,0,0,0,0'",38
"''18,263,2645,605,0,0,0,0,0'",38
"''18,692,2646,1152,0,0,0,97606,0'",38
"''18,1584,2646,1812,0,0,0,0,0'",38
"''18,1952,2647,2173,0,0,0,0,0'",38
"''18,694,2707,1187,97913,0,97865,0,0'",38
"''18,260,2709,567,97452,97562,0,0,0'",38
"''18,1582,2709,1840,97452,97435,0,0,0'",38
"''18,1952,2709,2200,1,1,1,1,1'",38
"''18,260,2769,915,0,0,0,0,0'",38
"''18,260,2832,493,0,0,0,0,0'",38
"''18,693,2833,915,1,1,1,1,1'",38
"''18,1150,3073,1304,97635,97710,97432,97710,0'",38
"''18,262,3149,639,97913,0,97865,0,0'",38
"''18,261,3185,1026,0,0,0,0,0'",38
"''18,260,3224,912,0,97729,0,97734,97729'",38
"''18,260,3261,550,0,0,0,0,0'",38
"''18,262,3302,592,97913,0,97865,0,0'",38
"''19,234,242,726,97702,97703,0,0,0'",38
"''19,1383,242,1996,97702,97920,97531,97921,0'",38
"''19,1386,294,1968,97922,97923,97924,97925,97926'",38
"''19,1385,341,1878,97927,97928,97929,0,0'",38
"''19,1386,389,1468,97930,0,0,0,0'",38
"''19,142,410,370,0,97915,97804,0,0'",38
"''19,1381,436,2074,97729,0,0,0,97734'",38
"''19,132,524,636,97437,97529,0,0,0'",38
"''19,2124,524,2348,97635,97895,97432,97895,0'",38
"''19,132,577,516,97536,97437,97438,97535,0'",38
"''19,132,622,658,97538,97884,97539,0,97540'",38
"''19,1380,629,1707,97461,97553,97550,0,0'",38
"''19,1849,629,1995,1,1,1,1,1'",38
"''19,132,671,304,97542,0,0,0,0'",38
"''19,1383,689,1675,97461,97552,97550,0,0'",38
"''19,1851,689,2242,0,0,0,0,0'",38
"''19,133,715,343,97543,0,0,0,0'",38
"''19,133,761,336,97625,97546,0,0,0'",38
"''19,131,869,648,0,97529,97454,0,0'",38
"''19,131,1000,631,97464,97435,0,0,0'",38
"''19,132,1182,307,0,0,0,0,0'",38
"''19,654,1184,1150,0,97439,0,0,0'",0
"''19,654,1238,1096,97584,97888,0,0,0'",38
"''19,131,1239,280,0,0,0,0,0'",38
"''19,656,1289,1032,0,97906,97432,97588,0'",1
"''19,131,1292,280,97552,0,0,0,0'",38
"''19,654,1338,998,97750,0,97910,97868,97916'",38
"''19,132,1339,399,97552,97451,0,0,0'",38
"''19,654,1393,1273,0,97432,97873,97873,0'",38
"''19,132,1394,298,97572,0,0,0,0'",38
"''19,132,1442,262,0,0,0,0,0'",38
"''19,657,1442,1238,0,0,97432,0,0'",38
"''19,131,1493,350,97436,97432,97588,0,0'",38
"''19,654,1493,1036,0,0,0,0,0'",38
"''19,654,1546,1139,0,0,0,0,0'",38
"''19,131,1547,262,97587,0,0,0,0'",38
"''19,131,1603,350,0,0,0,0,0'",38
"''19,656,1604,910,0,97432,97849,0,0'",38
"''19,135,1721,727,0,0,0,0,0'",38
"''19,264,1839,460,97845,97593,0,0,0'",6
"''19,2020,1840,2162,1,1,1,1,1'",37
"''19,2051,1892,2162,1,1,1,1,1'",37
"''19,264,1893,418,97894,0,0,0,0'",38
"''19,264,1944,660,97883,97422,0,0,0'",9
"''19,2030,1944,2170,1,1,1,1,1'",37
"''19,264,1997,644,97931,97881,97882,97463,0'",17
"''19,2094,1997,2160,1,1,1,1,1'",37
"''19,264,2049,434,97455,0,0,0,0'",16
"''19,2092,2049,2160,1,1,1,1,1'",37
"''19,264,2109,675,97853,97618,97619,97919,0'",38
"''19,1542,2109,1621,97873,0,0,0,0'",38
"''19,2020,2110,2162,1,1,1,1,1'",37
"''19,138,2205,862,0,0,0,0,0'",38
"''19,136,2322,1109,0,0,97873,0,0'",38
"''19,1473,2424,1790,0,0,0,0,0'",38
"''19,136,2454,368,97800,0,97432,0,0'",38
"''19,1470,2459,2022,97702,97703,0,97921,0'",38
"''19,745,2462,1296,97702,97703,97531,97921,0'",38
"''19,136,2512,223,0,0,0,0,0'",38
"''19,745,2512,964,0,97606,0,0,0'",38
"''19,1470,2513,1809,97627,97628,0,0,0'",38
"''19,1470,2556,1893,97870,0,0,0,0'",38
"''19,747,2565,1003,0,0,97722,0,0'",38
"''19,741,2610,1096,0,0,0,0,0'",38
"''19,136,2660,284,97452,0,0,0,0'",38
"''19,744,2660,1035,0,0,0,0,0'",38
"''19,745,2709,1104,0,0,0,0,0'",38
"''19,745,2760,907,1,1,1,1,1'",38
"''19,131,3066,664,97800,0,0,0,97533'",38
"''19,132,3117,610,0,0,0,0,0'",38
"''19,132,3170,595,0,0,0,0,0'",38
"''19,132,3224,564,97452,97435,0,0,0'",38
"''21,2728,32,3235,97895,0,0,0,0'",38
"''21,2530,216,3036,97944,0,0,0,0'",38
"''21,2530,360,3034,97529,97753,0,0,0'",38
"''21,1320,499,1898,97945,97946,97947,97948,0'",38
"''21,1203,555,2012,97715,97432,97452,0,97808'",38
"''21,1233,608,1982,0,97895,0,97646,0'",38
"''21,2872,724,3109,97437,97438,0,0,0'",38
"''21,2833,789,3149,97617,97618,97528,0,0'",38
"''21,2330,791,2424,97553,0,0,0,0'",24
"''21,2586,791,2756,97455,0,0,0,0'",16
"''21,1954,793,2162,97424,0,0,0,0'",14
"''21,1643,794,1789,97422,0,0,0,0'",9
"''21,1208,795,1407,97461,97981,0,0,0'",18
"''21,1445,795,1527,97982,0,0,0,0'",4
"''21,294,799,589,97714,97432,0,0,0'",38
"''21,759,799,993,0,97432,97447,0,0'",38
"''21,1030,799,1171,0,97953,0,0,0'",38
"''21,68,803,122,97435,0,0,0,0'",38
"''21,1249,915,1370,0,0,0,0,0'",38
"''21,1457,915,1515,0,0,0,0,0'",38
"''21,1063,916,1139,1,1,1,1,1'",38
"''21,779,917,975,97449,97450,0,0,0'",38
"''21,119,919,592,97729,0,0,0,0'",38
"''21,1249,965,1369,0,0,0,0,0'",38
"''21,1451,965,1521,97873,0,0,0,0'",38
"''21,779,967,975,97449,97450,0,0,0'",38
"''21,1062,967,1139,1,1,1,1,1'",38
"''21,116,968,592,97710,0,0,0,0'",38
"''21,1414,1053,1515,0,0,0,0,0'",38
"''21,912,1092,1259,0,97614,0,0,97893'",38
"''21,1457,1174,1517,0,0,0,0,0'",38
"''21,869,1201,1053,97556,97450,0,0,0'",38
"''21,1451,1227,1522,97873,0,0,0,0'",38
"''21,1457,1331,1515,0,0,0,0,0'",38
"''21,779,1333,975,97449,97450,0,0,0'",38
"''21,1063,1333,1139,1,1,1,1,1'",38
"''21,1248,1333,1369,0,0,0,0,0'",38
"''21,120,1335,593,97729,0,0,0,0'",38
"''21,1451,1381,1521,97873,0,0,0,0'",38
"''21,1249,1383,1369,0,0,0,0,0'",38
"''21,116,1384,592,97710,0,0,0,0'",38
"''21,779,1384,975,97449,97450,0,0,0'",38
"''21,1064,1384,1139,1,1,1,1,1'",38
"''21,1459,1483,1515,0,0,0,0,0'",38
"''21,912,1509,1259,0,97614,0,0,0'",38
"''21,1451,1533,1542,97873,97895,0,0,0'",38
"''21,1457,1589,1517,0,0,0,0,0'",38
"''21,1285,1613,1335,1,1,1,1,1'",38
"''21,869,1615,1053,97556,97450,0,0,0'",38
"''21,1451,1641,1523,97873,0,0,0,0'",38
"''21,2606,1736,2801,1,1,1,1,1'",37
"''21,1639,1742,1882,1,1,1,1,1'",37
"''21,1249,1744,1372,0,0,0,0,0'",38
"''21,1459,1744,1517,0,0,0,0,0'",38
"''21,1063,1745,1141,1,1,1,1,1'",38
"''21,779,1746,976,97449,97450,0,0,0'",38
"''21,120,1748,593,97729,0,0,0,0'",38
"''21,3013,1788,3145,1,1,1,1,1'",37
"''21,2704,1790,2789,1,1,1,1,1'",37
"''21,2096,1792,2206,1,1,1,1,1'",37
"''21,1736,1794,1870,1,1,1,1,1'",37
"''21,1251,1795,1369,0,0,0,0,0'",38
"''21,1451,1796,1523,97873,0,0,0,0'",38
"''21,1063,1797,1141,1,1,1,1,1'",38
"''21,779,1798,975,97449,97450,0,0,0'",38
"''21,118,1800,594,97710,0,0,0,0'",38
"''21,2606,1884,2813,1,1,1,1,1'",37
"''21,1458,1898,1519,0,0,0,0,0'",38
"''21,913,1922,1260,0,97614,0,0,97644'",38
"''21,3013,1944,3169,0,0,0,0,0'",37
"''21,2705,1946,2789,1,1,1,1,1'",37
"''21,2098,1948,2204,1,1,1,1,1'",37
"''21,1736,1949,1870,1,1,1,1,1'",37
"''21,2960,1998,3157,1,1,1,1,1'",37
"''21,2626,2000,2801,1,1,1,1,1'",37
"''21,1686,2002,1882,1,1,1,1,1'",37
"''21,2018,2002,2214,1,1,1,1,1'",37
"''21,1459,2004,1517,0,0,0,0,0'",38
"''21,1283,2030,1335,1,1,1,1,1'",36
"''21,871,2032,1053,97556,97450,0,0,0'",38
"''21,3041,2052,3145,1,1,1,1,1'",37
"''21,2724,2054,2789,1,1,1,1,1'",37
"''21,2116,2056,2204,1,1,1,1,1'",37
"''21,1451,2058,1523,97873,0,0,0,0'",38
"''21,1766,2058,1870,1,1,1,1,1'",37
"''21,2570,2158,2602,1,1,1,1,1'",37
"''21,1961,2160,2204,0,0,0,0,0'",37
"''21,1064,2163,1139,1,1,1,1,1'",38
"''21,1249,2163,1369,0,0,0,0,0'",38
"''21,1459,2163,1516,0,0,0,0,0'",38
"''21,779,2165,976,97449,97450,0,0,0'",38
"''21,120,2166,592,97729,0,0,0,0'",38
"''21,1451,2214,1523,97873,0,0,0,0'",38
"''21,779,2216,976,97449,97450,0,0,0'",38
"''21,1064,2216,1139,1,1,1,1,1'",38
"''21,1251,2216,1369,0,0,0,0,0'",38
"''21,116,2218,592,97710,0,0,0,0'",38
"''21,2754,2312,2789,1,1,1,1,1'",37
"''21,2903,2312,3145,0,0,0,0,0'",37
"''21,1960,2315,2094,1,1,1,1,1'",37
"''21,1631,2316,1896,0,0,0,0,0'",37
"''21,2098,2316,2204,1,1,1,1,1'",37
"''21,1459,2317,1517,0,0,0,0,0'",38
"''21,913,2344,1259,0,97614,0,0,97804'",38
"''21,1451,2370,1542,0,0,0,0,0'",38
"''21,2923,2418,3145,1,1,1,1,1'",37
"''21,1982,2421,2203,0,0,0,0,0'",37
"''21,1459,2424,1518,0,0,0,0,0'",38
"''21,1285,2450,1335,1,1,1,1,1'",36
"''21,871,2452,1055,97556,97450,0,0,0'",38
"''21,1453,2478,1524,97873,0,0,0,0'",38
"''21,1459,2586,1517,0,0,0,0,0'",38
"''21,1045,2613,1123,97614,0,0,0,0'",38
"''21,3041,2634,3145,1,1,1,1,1'",37
"''21,2724,2636,2791,1,1,1,1,1'",37
"''21,2118,2638,2204,1,1,1,1,1'",37
"''21,1451,2640,1524,97873,0,0,0,0'",38
"''21,1767,2640,1870,1,1,1,1,1'",37
"''21,1,4643,660,0,97437,97529,97531,0'",38
"''21,756,4646,981,0,0,0,0,0'",38
"''21,685,4647,759,0,97965,0,0,0'",38
"''22,668,223,987,97883,97464,0,0,0'",38
"''22,1468,250,1610,97521,97522,0,0,0'",38
"''22,15,305,45,97528,0,0,0,0'",38
"''22,94,305,392,97529,97454,97530,0,0'",38
"''22,801,330,884,97533,0,0,0,0'",38
"''22,94,331,377,97437,97529,97531,0,0'",38
"''22,94,356,287,97534,97535,97536,0,0'",38
"''22,802,356,870,97537,0,0,0,0'",38
"''22,93,382,208,97538,97884,97539,0,0'",38
"''22,93,408,257,0,97540,0,0,0'",38
"''22,801,408,930,97464,97436,0,0,0'",38
"''22,1075,408,1192,0,0,0,0,0'",38
"''22,93,434,338,97542,97543,97544,0,0'",38
"''22,801,434,998,0,97435,0,0,0'",38
"''22,1075,434,1157,1,1,1,1,1'",38
"''22,94,460,314,97546,97547,97432,0,0'",38
"''22,801,460,915,97461,97550,97435,0,0'",38
"''22,1074,460,1311,0,97549,0,0,0'",38
"''22,801,512,868,97463,0,0,0,0'",38
"''22,15,576,158,97552,97559,0,0,0'",38
"''22,240,576,452,0,97438,0,0,0'",0
"''22,15,602,169,97552,97562,0,0,0'",38
"''22,242,602,826,0,97800,0,0,97565'",1
"''22,15,628,188,97572,97451,0,0,0'",38
"''22,241,628,502,0,0,0,0,0'",38
"''22,14,654,199,97556,97552,97550,0,0'",38
"''22,16,680,134,0,0,0,0,0'",38
"''22,240,680,1356,0,97739,0,0,0'",38
"''22,968,732,1114,97591,97983,0,0,0'",3
"''22,1510,758,1617,1,1,1,1,1'",6
"''22,1211,784,1341,1,1,1,1,1'",38
"''22,1385,784,1618,97432,0,97576,97609,0'",38
"''22,42,836,287,0,0,0,0,0'",38
"''22,64,862,283,97883,97422,0,0,0'",9
"''22,1235,862,1341,1,1,1,1,1'",37
"''22,1535,862,1617,1,1,1,1,1'",37
"''22,63,913,410,97617,97618,97985,97986,97438'",17
"''22,1535,914,1617,1,1,1,1,1'",37
"''22,43,968,185,0,97618,0,0,0'",38
"''22,63,993,162,97596,97618,0,0,0'",26
"''22,1521,993,1617,1,1,1,1,1'",37
"''22,63,1018,501,97617,97618,97528,97437,97529'",33
"''22,1521,1020,1617,1,1,1,1,1'",37
"''22,42,1125,613,0,97464,0,0,0'",38
"''22,16,1229,109,0,0,0,0,0'",38
"''22,242,1229,735,0,0,97620,0,0'",38
"''22,754,1233,824,0,0,0,0,0'",38
"''22,622,2190,1040,97639,0,97898,0,0'",38
"''22,634,2212,1018,0,0,0,0,0'",38
"''22,636,2233,1017,0,97856,0,0,0'",38
"''22,710,2254,943,97961,0,0,0,0'",38
"''22,1421,2273,1498,97635,97729,97432,97895,0'",38
"''22,668,223,987,97883,97464,0,0,0'",38
"''22,1468,250,1610,97521,97522,0,0,0'",38
"''22,15,305,45,97528,0,0,0,0'",38
"''22,94,305,392,97529,97454,97530,0,0'",38
"''22,801,330,884,97533,0,0,0,0'",38
"''22,94,331,377,97437,97529,97531,0,0'",38
"''22,94,356,287,97534,97535,97536,0,0'",38
"''22,802,356,870,97537,0,0,0,0'",38
"''22,93,382,208,97538,97884,97539,0,0'",38
"''22,93,408,257,0,97540,0,0,0'",38
"''22,801,408,930,97464,97436,0,0,0'",38
"''22,1075,408,1192,0,0,0,0,0'",38
"''22,93,434,338,97542,97543,97544,0,0'",38
"''22,801,434,998,0,97435,0,0,0'",38
"''22,1075,434,1157,1,1,1,1,1'",38
"''22,94,460,314,97546,97547,97432,0,0'",38
"''22,801,460,915,97461,97550,97435,0,0'",38
"''22,1074,460,1311,0,97549,0,0,0'",38
"''22,801,512,868,97463,0,0,0,0'",38
"''22,15,576,158,97552,97559,0,0,0'",38
"''22,240,576,452,97986,97438,97987,97988,0'",0
"''22,15,602,169,97552,97562,0,0,0'",38
"''22,242,602,826,0,97800,0,0,97565'",1
"''22,15,628,188,97572,97451,0,0,0'",38
"''22,241,628,502,0,0,0,0,0'",38
"''22,14,654,199,97556,97552,97550,0,0'",38
"''22,16,680,134,0,0,0,0,0'",38
"''22,240,680,1356,0,97739,0,0,0'",38
"''22,968,732,1114,97591,97983,0,0,0'",3
"''22,1510,758,1617,1,1,1,1,1'",37
"''22,1211,784,1341,1,1,1,1,1'",37
"''22,1385,784,1618,97432,97989,97576,97609,0'",5
"''22,42,836,287,0,0,0,0,0'",38
"''22,64,862,283,97883,97422,0,0,0'",9
"''22,1235,862,1341,1,1,1,1,1'",37
"''22,1535,862,1617,1,1,1,1,1'",37
"''22,63,913,410,97617,97618,97985,97986,97438'",10
"''22,1535,914,1617,1,1,1,1,1'",37
"''22,43,968,185,0,97618,0,0,0'",38
"''22,63,993,162,97596,97618,0,0,0'",33
"''22,1521,993,1617,1,1,1,1,1'",37
"''22,63,1018,501,97617,97618,97528,97437,97529'",17
"''22,1521,1020,1617,1,1,1,1,1'",37
"''22,42,1125,613,0,97464,0,0,0'",38
"''22,16,1229,109,0,0,0,0,0'",38
"''22,242,1229,735,0,0,97620,0,0'",38
"''22,754,1233,824,0,0,0,0,0'",38
"''22,622,2190,1040,97639,0,97898,0,0'",38
"''22,634,2212,1018,0,0,0,0,0'",38
"''22,636,2233,1017,0,97856,0,0,0'",38
"''22,710,2254,943,97961,0,0,0,0'",38
"''22,1421,2273,1498,97635,97729,97432,97895,0'",38
"''22,668,223,987,97883,97464,0,0,0'",38
"''22,1468,250,1610,97521,97522,0,0,0'",38
"''22,15,305,45,97528,0,0,0,0'",38
"''22,94,305,392,97529,97454,97530,0,0'",38
"''22,801,330,884,97533,0,0,0,0'",38
"''22,94,331,377,97437,97529,97531,0,0'",38
"''22,94,356,287,97534,97535,97536,0,0'",38
"''22,802,356,870,97537,0,0,0,0'",38
"''22,93,382,208,97538,97884,97539,0,0'",38
"''22,93,408,257,0,97540,0,0,0'",38
"''22,801,408,930,97464,97436,0,0,0'",38
"''22,1075,408,1192,0,0,0,0,0'",38
"''22,93,434,338,97542,97543,97544,0,0'",38
"''22,801,434,998,0,97435,0,0,0'",38
"''22,1075,434,1157,1,1,1,1,1'",38
"''22,94,460,314,97546,97547,97432,0,0'",38
"''22,801,460,915,97461,97550,97435,0,0'",38
"''22,1074,460,1311,0,97549,0,0,0'",38
"''22,801,512,868,97463,0,0,0,0'",38
"''22,15,576,158,97552,97559,0,0,0'",38
"''22,240,576,452,97986,97438,97987,97988,0'",0
"''22,15,602,169,97552,97562,0,0,0'",38
"''22,242,602,826,0,97800,0,0,97565'",1
"''22,15,628,188,97572,97451,0,0,0'",38
"''22,241,628,502,0,0,0,0,0'",38
"''22,14,654,199,97556,97552,97550,0,0'",38
"''22,16,680,134,0,0,0,0,0'",38
"''22,240,680,1356,0,97739,0,0,0'",38
"''22,968,732,1114,97591,97983,0,0,0'",38
"''22,1510,758,1617,1,1,1,1,1'",36
"''22,1211,784,1341,1,1,1,1,1'",37
"''22,1385,784,1618,97432,97989,97576,97609,0'",7
"''22,42,836,287,0,0,0,0,0'",38
"''22,64,862,283,97883,97422,0,0,0'",9
"''22,1235,862,1341,1,1,1,1,1'",37
"''22,1535,862,1617,1,1,1,1,1'",37
"''22,63,913,410,97617,97618,97985,97986,97438'",17
"''22,1535,914,1617,1,1,1,1,1'",37
"''22,43,968,185,0,97618,0,0,0'",38
"''22,63,993,162,97596,97618,0,0,0'",32
"''22,1521,993,1617,1,1,1,1,1'",37
"''22,63,1018,501,97617,97618,97528,97437,97529'",17
"''22,1521,1020,1617,1,1,1,1,1'",37
"''22,42,1125,613,0,97464,0,0,0'",38
"''22,16,1229,109,0,0,0,0,0'",38
"''22,242,1229,735,0,0,97620,0,0'",38
"''22,754,1233,824,0,0,0,0,0'",38
"''22,622,2190,1040,97639,0,97898,0,0'",38
"''22,634,2212,1018,0,0,0,0,0'",38
"''22,636,2233,1017,0,97856,0,0,0'",38
"''22,710,2254,943,97961,0,0,0,0'",38
"''22,1421,2273,1498,97635,97729,97432,97895,0'",38
"''24,2047,233,2312,97639,0,0,0,0'",38
"''24,2049,369,2312,97521,97522,0,0,0'",38
"''24,1946,542,2355,97640,97641,0,0,0'",38
"''24,159,545,883,97437,97529,97531,0,0'",38
"''24,1729,595,2354,97642,97643,97644,97645,97646'",38
"''24,156,608,663,97447,98025,97530,0,0'",38
"''24,2014,642,2354,97988,97432,97646,97647,97644'",38
"''24,157,649,454,0,0,0,0,0'",38
"''24,157,691,367,0,0,0,0,0'",38
"''24,1976,708,2357,0,0,0,0,0'",38
"''24,157,732,397,97543,0,0,0,0'",38
"''24,1522,762,2356,97853,97618,97528,97437,97529'",38
"''24,158,774,555,97546,97547,97432,0,0'",38
"''24,1810,824,1972,97464,97435,0,0,0'",38
"''24,2228,824,2355,1,1,1,1,1'",38
"''24,1783,861,1971,97464,97436,0,0,0'",38
"''24,2174,861,2355,0,97916,97804,0,0'",38
"''24,125,965,392,97572,97968,0,0,0'",38
"''24,1540,965,1889,97462,0,0,0,0'",38
"''24,125,1032,350,97552,97559,0,0,0'",38
"''24,539,1032,709,0,0,0,0,0'",1
"''24,1540,1032,1622,0,0,0,0,0'",38
"''24,1858,1032,2140,0,0,0,0,0'",38
"''24,537,1068,1237,0,0,0,0,97570'",0
"''24,1538,1068,1740,97556,97550,97435,0,0'",38
"''24,1858,1068,2067,0,0,0,0,0'",35
"''24,125,1069,222,97562,0,0,0,0'",38
"''24,537,1105,1038,97642,97643,97644,97645,97646'",38
"''24,1539,1106,1722,97461,97550,97435,0,0'",38
"''24,1858,1106,2240,0,0,0,0,0'",38
"''24,125,1107,235,97451,0,0,0,0'",38
"''24,126,1144,212,97578,0,0,0,0'",38
"''24,539,1144,605,0,0,0,0,0'",38
"''24,1539,1144,1646,97463,0,0,0,0'",38
"''24,125,1182,286,97579,0,0,0,0'",38
"''24,539,1182,606,0,0,0,0,0'",38
"''24,126,1219,398,0,97432,0,0,0'",38
"''24,539,1219,662,97584,0,0,0,0'",38
"''24,124,1315,581,0,97968,0,0,0'",38
"''24,1987,1316,2340,97591,98026,0,0,0'",3
"''24,124,1408,683,97640,97641,97988,97432,97646'",38
"''24,2265,1408,2355,1,1,1,1,1'",36
"''24,1756,1444,1837,1,1,1,1,1'",37
"''24,2058,1444,2357,97432,97989,97877,97609,0'",8
"''24,157,1505,508,97420,97421,97422,0,0'",9
"''24,1675,1505,1836,1,1,1,1,1'",37
"''24,2185,1505,2356,97729,0,0,0,0'",37
"''24,157,1645,518,97455,97847,97429,0,0'",16
"''24,1074,1645,1389,97729,0,0,0,0'",38
"''24,2214,1645,2356,1,1,1,1,1'",37
"''24,2184,1736,2357,1,1,1,1,1'",37
"''24,125,1737,794,97617,97618,97528,97437,97529'",17
"''24,157,1830,500,97596,97421,97422,0,0'",9
"''24,1607,1830,1836,1,1,1,1,1'",37
"''24,125,2129,351,0,97528,0,0,0'",38
"''24,379,2129,830,97447,98025,97530,0,0'",38
"''24,1294,2129,1424,97533,0,0,0,0'",38
"''24,1519,2129,1809,0,98025,0,0,0'",38
"''24,380,2168,778,0,0,0,0,0'",38
"''24,1518,2168,1935,0,0,0,0,0'",38
"''24,714,3141,1766,97639,0,0,97895,97924'",38
"''24,309,3174,2170,0,0,0,0,0'",38
"''24,2188,3216,2350,97635,97729,97432,97729,0'",38
"''24,2047,233,2312,97639,0,0,0,0'",38
"''24,2049,369,2312,97521,97522,0,0,0'",38
"''24,1946,542,2355,97640,97641,0,0,0'",38
"''24,159,545,883,97437,97529,97531,0,0'",38
"''24,1729,595,2354,98027,97643,97644,97645,97646'",38
"''24,156,608,663,97447,98025,97530,0,0'",38
"''24,2014,642,2354,97988,97432,97646,97647,97644'",38
"''24,157,649,454,0,0,0,0,0'",38
"''24,157,691,367,0,0,0,0,0'",38
"''24,1976,708,2357,98026,0,0,0,0'",38
"''24,157,732,397,97543,0,0,0,0'",38
"''24,1522,762,2356,97853,97618,97528,97437,97529'",38
"''24,158,774,555,97546,97547,97432,0,0'",38
"''24,1810,824,1972,97464,97435,0,0,0'",38
"''24,2228,824,2355,1,1,1,1,1'",38
"''24,1783,861,1971,97464,97436,0,0,0'",38
"''24,2174,861,2355,0,97916,97804,0,0'",38
"''24,125,965,392,97572,97968,0,0,0'",38
"''24,1540,965,1889,97462,0,0,0,0'",38
"''24,125,1032,350,97552,97559,0,0,0'",38
"''24,539,1032,709,0,0,0,0,0'",1
"''24,1540,1032,1622,0,0,0,0,0'",38
"''24,1858,1032,2140,0,0,0,0,0'",38
"''24,537,1068,1237,0,0,0,0,97570'",0
"''24,1538,1068,1740,97556,97550,97435,0,0'",38
"''24,1858,1068,2067,0,0,0,0,0'",35
"''24,125,1069,222,97562,0,0,0,0'",38
"''24,537,1105,1038,98027,97643,97644,97645,97646'",38
"''24,1539,1106,1722,97461,97550,97435,0,0'",38
"''24,1858,1106,2240,0,0,0,0,0'",38
"''24,125,1107,235,97451,0,0,0,0'",38
"''24,126,1144,212,97578,0,0,0,0'",38
"''24,539,1144,605,98026,0,0,0,0'",38
"''24,1539,1144,1646,97463,0,0,0,0'",38
"''24,125,1182,286,97579,0,0,0,0'",38
"''24,539,1182,606,98026,0,0,0,0'",38
"''24,126,1219,398,0,97432,0,0,0'",38
"''24,539,1219,662,97584,0,0,0,0'",38
"''24,124,1315,581,0,97968,0,0,0'",38
"''24,1987,1316,2340,97591,98026,0,0,0'",3
"''24,124,1408,683,97640,97641,97988,97432,97646'",38
"''24,2265,1408,2355,1,1,1,1,1'",36
"''24,1756,1444,1837,1,1,1,1,1'",37
"''24,2058,1444,2357,97432,97989,97877,97609,0'",6
"''24,157,1505,508,97420,97421,97422,0,0'",9
"''24,1675,1505,1836,1,1,1,1,1'",37
"''24,2185,1505,2356,97729,0,0,0,0'",37
"''24,157,1645,518,97455,97847,97429,0,0'",16
"''24,1074,1645,1389,97729,0,0,0,0'",38
"''24,2214,1645,2356,0,0,0,0,0'",37
"''24,2184,1736,2357,0,0,0,0,0'",37
"''24,125,1737,794,97617,97618,97528,97437,97529'",17
"''24,157,1830,500,97596,97421,97422,0,0'",9
"''24,1607,1830,1836,1,1,1,1,1'",37
"''24,125,2129,351,0,97528,0,0,0'",38
"''24,379,2129,830,97447,98025,97530,0,0'",38
"''24,1294,2129,1424,97533,0,0,0,0'",38
"''24,1519,2129,1809,0,98025,0,0,0'",38
"''24,380,2168,778,0,0,0,0,0'",38
"''24,1518,2168,1935,0,0,0,0,0'",38
"''24,714,3141,1766,97639,0,0,97895,97924'",38
"''24,309,3174,2170,0,0,0,0,0'",38
"''24,2188,3216,2350,97635,97729,97432,97729,0'",38
"''23,1441,256,1604,97521,97522,0,0,0'",38
"''23,741,270,913,97554,97848,0,0,0'",38
"''23,17,359,48,97528,0,0,0,0'",38
"''23,64,359,244,0,0,0,0,0'",38
"''23,64,384,348,97437,97529,97531,0,0'",38
"''23,723,386,807,97533,0,0,0,0'",38
"''23,1025,386,1365,0,0,0,0,0'",38
"''23,64,413,258,97534,97535,97536,0,0'",38
"''23,1025,413,1160,1,1,1,1,1'",38
"''23,724,414,792,97537,0,0,0,0'",38
"''23,64,442,179,97538,97884,97539,0,0'",38
"''23,64,472,231,0,97540,0,0,0'",38
"''23,722,472,852,97464,97436,0,0,0'",38
"''23,1026,472,1144,0,0,0,0,0'",38
"''23,64,499,310,97542,97543,97729,0,0'",38
"''23,1045,499,1128,1,1,1,1,1'",38
"''23,723,500,928,97545,97435,0,0,0'",38
"''23,1026,528,1279,0,97549,0,0,0'",38
"''23,64,529,285,97546,97547,97432,0,0'",38
"''23,723,530,837,97461,97550,97435,0,0'",38
"''23,723,558,969,97461,97551,97552,97435,0'",38
"''23,1025,586,1077,97555,0,0,0,0'",38
"''23,723,587,855,97553,97554,0,0,0'",38
"''23,722,615,879,97556,97553,97550,0,0'",38
"''23,1028,640,1207,0,0,0,0,0'",38
"''23,723,643,900,97557,97553,97550,0,0'",38
"''23,16,712,161,97552,97559,0,0,0'",38
"''23,268,712,622,0,97448,97439,97531,0'",0
"''23,267,765,885,0,97567,0,0,0'",1
"''23,16,767,175,97552,97562,0,0,0'",38
"''23,269,818,531,0,0,0,0,0'",38
"''23,17,819,192,97572,97451,0,0,0'",38
"''23,17,848,202,97556,97552,97550,0,0'",38
"''23,17,876,246,97577,97578,97579,0,0'",38
"''23,269,876,400,1,1,1,1,1'",38
"''23,1329,904,1448,0,0,0,0,0'",38
"''23,1024,905,1230,97580,97581,97436,0,0'",38
"''23,1330,931,1439,0,0,0,0,0'",38
"''23,270,932,571,0,0,0,97921,0'",38
"''23,17,933,161,97587,97562,0,0,0'",38
"''23,1028,933,1164,97436,97432,97588,0,0'",38
"''23,16,960,174,97589,97562,0,0,0'",38
"''23,270,960,573,0,0,0,97921,0'",38
"''23,1025,960,1172,97553,97590,0,0,0'",38
"''23,1330,960,1463,0,0,0,0,0'",38
"''23,904,1057,1003,97591,0,0,0,0'",38
"''23,1026,1057,1070,97873,0,0,0,0'",3
"''23,40,1112,239,97531,97592,0,0,0'",38
"''23,951,1112,992,97593,0,0,0,0'",6
"''23,1518,1112,1600,97594,0,0,0,0'",38
"''23,1174,1113,1296,97595,0,0,0,0'",18
"''23,64,1139,174,97596,97588,0,0,0'",38
"''23,1184,1140,1308,0,0,0,0,0'",37
"''23,910,1168,1006,1,1,1,1,1'",37
"''23,1518,1168,1614,1,1,1,1,1'",37
"''23,64,1169,208,97596,97602,0,0,0'",38
"''23,1184,1195,1308,0,0,0,0,0'",37
"''23,64,1196,184,97597,97588,0,0,0'",38
"''23,64,1224,218,97597,97602,0,0,0'",38
"''23,910,1224,1006,1,1,1,1,1'",37
"''23,1518,1224,1614,1,1,1,1,1'",37
"''23,42,1306,406,97598,97599,97577,97578,97895'",38
"''23,910,1336,1006,1,1,1,1,1'",37
"''23,1184,1336,1309,1,1,1,1,1'",37
"''23,64,1337,176,97420,97588,0,0,0'",38
"''23,64,1364,211,97420,97602,0,0,0'",38
"''23,964,1364,1004,1,1,1,1,1'",37
"''23,1268,1364,1308,1,1,1,1,1'",37
"''23,1572,1364,1612,1,1,1,1,1'",37
"''23,963,1392,1004,1,1,1,1,1'",37
"''23,1571,1392,1612,1,1,1,1,1'",37
"''23,65,1393,229,97603,97604,97605,0,0'",38
"''23,1280,1393,1308,97606,0,0,0,0'",37
"''23,65,1420,226,97603,97604,97607,0,0'",38
"''23,964,1420,1004,1,1,1,1,1'",37
"''23,1280,1420,1311,97606,0,0,0,0'",37
"''23,1572,1420,1612,1,1,1,1,1'",37
"''23,65,1448,312,97588,97608,97609,97610,0'",38
"''23,910,1448,1006,1,1,1,1,1'",37
"''23,1184,1448,1309,1,1,1,1,1'",37
"''23,65,1475,349,97602,97608,97609,97610,0'",38
"''23,964,1476,1004,1,1,1,1,1'",37
"''23,1268,1476,1308,1,1,1,1,1'",37
"''23,1572,1476,1612,1,1,1,1,1'",37
"''23,268,1587,376,1,1,1,1,1'",36
"''23,42,1588,229,97612,97450,0,0,0'",38
"''23,64,1616,176,97420,97588,0,0,0'",38
"''23,937,1616,1008,1,1,1,1,1'",37
"''23,1213,1616,1311,0,0,0,0,0'",37
"''23,1518,1616,1612,1,1,1,1,1'",37
"''23,64,1644,211,97420,97602,0,0,0'",38
"''23,964,1644,1004,1,1,1,1,1'",37
"''23,1268,1644,1308,1,1,1,1,1'",37
"''23,1572,1644,1612,1,1,1,1,1'",37
"''23,62,1672,176,97614,97420,0,0,0'",38
"''23,937,1672,1008,1,1,1,1,1'",37
"''23,1213,1672,1311,0,0,0,0,0'",37
"''23,1518,1672,1612,1,1,1,1,1'",37
"''23,65,1698,430,97603,97420,97588,97615,97616'",38
"''23,937,1699,1006,1,1,1,1,1'",37
"''23,65,1728,464,97603,97420,97602,97615,97616'",38
"''23,963,1728,1004,1,1,1,1,1'",37
"''23,64,1758,515,97617,97618,97619,97437,97529'",38
"''23,964,1760,1004,1,1,1,1,1'",37
"''23,805,2245,1111,0,97729,0,0,0'",38
"''23,385,2246,786,97639,0,0,97722,0'",38
"''23,1420,2288,1458,97635,0,0,0,0'",38
"''24,628,172,1904,97993,97994,97439,97961,97718'",38
"''24,777,273,1760,97993,97457,97458,97995,97449'",38
"''24,679,370,1884,97996,97424,97997,97986,97876'",38
"''24,130,518,480,97952,97953,98000,0,0'",38
"''24,130,613,652,97856,97452,97559,98001,0'",38
"''24,783,616,1338,0,0,97961,97718,0'",38
"''24,1811,623,2322,97550,97435,0,0,0'",38
"''24,345,781,541,97799,97953,0,0,0'",34
"''24,868,784,1128,98002,97422,0,0,0'",9
"''24,1274,786,1496,98002,98003,0,0,0'",14
"''24,1595,788,1798,97588,97593,0,0,0'",30
"''24,2009,790,2203,98004,97588,0,0,0'",31
"''24,385,851,489,1,1,1,1,1'",37
"''24,883,854,1116,0,0,0,0,0'",37
"''24,384,920,488,1,1,1,1,1'",37
"''24,947,923,1116,1,1,1,1,1'",37
"''24,1343,925,1485,1,1,1,1,1'",37
"''24,383,988,487,1,1,1,1,1'",37
"''24,950,992,1115,1,1,1,1,1'",37
"''24,1343,994,1485,1,1,1,1,1'",37
"''24,1687,996,1854,1,1,1,1,1'",37
"''24,383,1057,487,1,1,1,1,1'",37
"''24,1696,1065,1852,1,1,1,1,1'",37
"''24,382,1126,479,1,1,1,1,1'",37
"''24,1738,1134,1845,1,1,1,1,1'",37
"''24,382,1195,486,1,1,1,1,1'",37
"''24,972,1198,1108,1,1,1,1,1'",37
"''24,1341,1200,1483,1,1,1,1,1'",37
"''24,381,1264,485,1,1,1,1,1'",37
"''24,948,1267,1114,1,1,1,1,1'",37
"''24,1341,1269,1476,1,1,1,1,1'",37
"''24,1669,1270,1852,1,1,1,1,1'",37
"''24,2282,1275,2304,1,1,1,1,1'",37
"''24,380,1332,485,1,1,1,1,1'",37
"''24,1712,1340,1851,1,1,1,1,1'",37
"''24,379,1401,484,1,1,1,1,1'",37
"''24,1458,1407,1482,1,1,1,1,1'",37
"''24,379,1470,483,1,1,1,1,1'",37
"''24,381,1539,493,97614,0,0,0,0'",38
"''24,877,1543,1112,1,1,1,1,1'",37
"''24,1249,1545,1481,0,0,0,0,0'",37
"''24,1618,1547,1850,1,1,1,1,1'",37
"''24,1499,1752,1862,97849,0,97447,0,0'",17
"''24,118,1811,451,97729,98002,97422,0,0'",9
"''24,118,1882,690,97710,98007,98002,98003,0'",9
"''24,980,1886,1115,1,1,1,1,1'",37
"''24,1619,1890,1847,0,0,0,0,0'",37
"''24,118,1949,392,97891,97593,97588,0,0'",38
"''24,1615,1959,1846,1,1,1,1,1'",37
"''24,117,2018,775,97902,97595,97588,97876,97849'",38
"''24,116,2087,407,97884,97588,0,0,0'",38
"''24,1703,2097,1857,1,1,1,1,1'",37
"''24,116,2227,603,97904,0,98002,98003,0'",38
"''24,978,2232,1112,1,1,1,1,1'",37
"''24,129,2296,807,0,97996,98003,97904,97710'",38
"''24,1622,2304,1844,97729,0,0,0,0'",37
"''26,270,800,779,97448,97564,97565,97566,97567'",1
"''26,17,853,191,97572,97451,0,0,0'",38
"''26,269,853,530,97573,97574,0,0,0'",38
"''26,17,882,203,97556,97552,97550,0,0'",38
"''26,1026,883,1151,97426,97575,97435,0,0'",38
"''26,270,910,400,1,1,1,1,1'",38
"''26,17,911,245,97577,97578,97579,0,0'",38
"''26,1027,938,1229,97580,97581,97436,0,0'",38
"''26,1332,938,1448,97582,0,0,0,0'",38
"''26,269,966,493,97583,97584,97585,0,0'",38
"''26,1331,966,1437,97586,0,0,0,0'",38
"''26,18,967,161,97587,97562,0,0,0'",38
"''26,1027,967,1162,97436,97432,97588,0,0'",38
"''26,17,994,173,97589,97562,0,0,0'",38
"''26,1027,994,1172,97553,97590,0,0,0'",38
"''26,1331,994,1413,1,1,1,1,1'",38
"''26,1026,1090,1068,97568,0,0,0,0'",38
"''26,907,1091,1004,97591,0,0,0,0'",38
"''26,41,1146,238,97531,97592,0,0,0'",38
"''26,951,1146,992,97593,0,0,0,0'",38
"''26,1518,1146,1600,97594,0,0,0,0'",38
"''26,1174,1147,1296,97595,0,0,0,0'",38
"''26,64,1175,172,97596,97588,0,0,0'",38
"''26,64,1202,183,97597,97588,0,0,0'",38
"''26,41,1286,405,97598,97599,97577,97578,97579'",38
"''26,963,1314,1005,1,1,1,1,1'",38
"''26,1185,1314,1308,1,1,1,1,1'",38
"''26,1489,1314,1612,1,1,1,1,1'",38
"''26,64,1315,175,97420,97588,0,0,0'",38
"''26,964,1342,1005,1,1,1,1,1'",38
"''26,64,1343,211,97420,97602,0,0,0'",38
"''26,1268,1343,1309,1,1,1,1,1'",38
"''26,1572,1343,1613,1,1,1,1,1'",38
"''26,65,1370,228,97603,97604,97605,0,0'",38
"''26,1280,1370,1308,97606,0,0,0,0'",38
"''26,963,1371,1005,1,1,1,1,1'",38
"''26,1571,1371,1613,1,1,1,1,1'",38
"''26,65,1398,226,97603,97604,97607,0,0'",38
"''26,964,1398,1005,1,1,1,1,1'",38
"''26,1572,1398,1613,1,1,1,1,1'",38
"''26,1281,1399,1308,97606,0,0,0,0'",38
"''26,65,1426,312,97588,97608,97609,97610,0'",38
"''26,1185,1426,1308,1,1,1,1,1'",38
"''26,963,1427,1005,1,1,1,1,1'",38
"''26,1489,1427,1612,1,1,1,1,1'",38
"''26,64,1454,348,97602,97608,97609,97610,0'",38
"''26,964,1454,1005,1,1,1,1,1'",38
"''26,1268,1455,1309,1,1,1,1,1'",38
"''26,1572,1455,1613,1,1,1,1,1'",38
"''26,269,1566,374,1,1,1,1,1'",38
"''26,41,1567,229,97612,97450,0,0,0'",38
"''26,64,1594,175,97420,97588,0,0,0'",38
"''26,963,1594,1005,1,1,1,1,1'",38
"''26,1213,1594,1308,1,1,1,1,1'",38
"''26,1517,1594,1612,1,1,1,1,1'",38
"''26,964,1622,1005,1,1,1,1,1'",38
"''26,1268,1622,1309,1,1,1,1,1'",38
"''26,1572,1622,1613,1,1,1,1,1'",38
"''26,64,1623,211,97420,97602,0,0,0'",38
"''26,1213,1650,1308,1,1,1,1,1'",38
"''26,1517,1650,1612,1,1,1,1,1'",38
"''26,63,1651,176,97614,97420,0,0,0'",38
"''26,963,1651,1005,1,1,1,1,1'",38
"''26,65,1678,429,97603,97420,97588,97615,97616'",38
"''26,65,1706,464,97603,97420,97602,97615,97616'",38
"''26,64,1736,515,97617,97618,97619,97437,97529'",38
"''26,964,1738,1004,1,1,1,1,1'",38
"''26,605,2202,1056,97620,97621,97622,97623,97624'",38
"''26,627,2227,1025,97627,97628,97629,0,97630'",38
"''26,694,2249,718,97631,0,0,0,0'",38
"''26,627,2268,1027,97575,97435,97632,97633,97435'",38
"''26,1420,2288,1500,97635,97729,97432,97710,0'",38
"''27,2854,68,3353,97702,97703,0,0,0'",38
"''27,152,206,1374,97612,97437,97529,97531,97452'",38
"''27,2978,209,3340,97464,97435,97705,0,0'",38
"''27,152,265,1592,97706,97707,97708,97439,97531'",38
"''27,3090,265,3339,97635,97710,97432,97710,0'",38
"''27,153,345,751,0,97968,0,0,0'",38
"''27,151,430,401,0,97436,0,0,0'",38
"''27,935,431,1092,97642,97643,97892,0,0'",38
"''27,153,481,303,97552,0,0,0,0'",38
"''27,935,481,1140,97449,97450,0,0,0'",1
"''27,154,535,284,0,0,0,0,0'",38
"''27,934,535,1312,0,0,0,0,0'",38
"''27,934,587,1333,0,0,0,0,0'",38
"''27,152,589,449,97461,97552,97550,0,0'",38
"''27,152,641,582,97461,97551,97552,97550,0'",38
"''27,151,694,470,97556,97552,97550,0,0'",38
"''27,151,748,372,0,0,0,0,0'",38
"''27,935,748,1090,0,97432,97849,0,0'",38
"''27,151,906,551,97556,97450,97432,97422,0'",9
"''27,1302,907,1373,1,1,1,1,1'",37
"''27,151,963,349,97845,97593,0,0,0'",30
"''27,1278,967,1369,1,1,1,1,1'",37
"''27,203,1039,706,97853,97618,98008,97919,0'",17
"''27,768,1040,864,0,0,0,0,0'",38
"''27,1286,1040,1377,1,1,1,1,1'",37
"''27,152,1282,307,0,0,0,0,0'",38
"''27,152,1336,588,97595,97588,97456,0,0'",28
"''27,1309,1340,1380,1,1,1,1,1'",37
"''27,767,1341,863,0,0,0,0,0'",38
"''28,385,64,462,97711,0,0,0,0'",38
"''28,616,64,970,97712,97529,97452,0,0'",38
"''28,1131,64,1258,97717,0,0,0,0'",38
"''28,650,98,938,97447,97715,0,0,0'",38
"''28,381,105,446,97716,0,0,0,0'",38
"''28,931,240,1365,97437,0,0,97531,0'",38
"''28,933,273,1280,97536,0,97438,97535,0'",38
"''28,931,305,1406,97538,97884,97539,0,97540'",38
"''28,57,341,263,97891,97957,97533,0,0'",38
"''28,929,342,1080,97542,0,0,0,0'",38
"''28,574,347,584,1,1,1,1,1'",38
"''28,688,347,743,97957,0,0,0,0'",38
"''28,57,371,280,97562,0,0,0,0'",38
"''28,608,371,677,97590,0,0,0,0'",38
"''28,742,371,841,0,0,0,0,0'",38
"''28,932,374,1112,97543,0,0,0,0'",38
"''28,930,408,1112,97625,97546,0,0,0'",38
"''28,57,440,193,0,0,0,0,0'",38
"''28,600,440,662,0,0,0,0,0'",38
"''28,747,440,813,0,0,0,0,0'",38
"''28,56,472,216,97884,97461,97462,97729,0'",38
"''28,432,472,592,97904,97461,97462,97710,0'",38
"''28,782,473,929,0,97447,97590,0,0'",38
"''28,1086,473,1240,97907,97556,97462,0,0'",38
"''28,496,537,561,0,0,0,0,0'",38
"''28,184,538,263,0,0,0,0,0'",38
"''28,1183,538,1232,0,0,0,0,0'",38
"''28,57,600,296,97905,97557,0,97462,0'",38
"''28,433,600,592,0,97800,0,0,0'",38
"''28,782,600,800,1,1,1,1,1'",38
"''28,810,600,981,97451,97432,97715,0,0'",38
"''28,1193,600,1289,97912,0,0,0,0'",38
"''28,1366,600,1528,97908,97800,0,0,0'",38
"''28,1192,624,1288,0,0,0,0,0'",38
"''28,814,640,1046,0,0,0,0,0'",38
"''28,1193,647,1232,97436,0,0,0,0'",38
"''28,82,673,295,0,0,0,0,0'",38
"''28,58,726,277,97910,0,97432,97447,0'",38
"''28,782,726,919,0,0,0,0,0'",38
"''28,1414,726,1511,97933,0,0,0,0'",38
"''28,963,727,1144,97892,0,0,0,0'",38
"''28,163,773,613,0,0,97439,0,0'",0
"''28,163,808,496,0,0,97459,0,0'",38
"''28,830,808,880,97873,0,0,0,0'",38
"''28,1480,808,1532,97873,0,0,0,0'",38
"''28,57,850,256,0,0,97451,0,0'",38
"''28,521,850,666,0,0,0,0,0'",38
"''28,782,850,889,97995,0,97435,0,0'",38
"''28,963,850,1123,0,97800,0,0,0'",38
"''28,147,936,296,97746,0,0,0,0'",38
"''28,181,1072,379,97976,97452,0,0,0'",38
"''28,115,1137,157,1,1,1,1,1'",38
"''28,616,1138,779,1,1,1,1,1'",37
"''28,181,1140,362,98009,97454,0,0,0'",24
"''28,798,1140,814,0,0,0,0,0'",38
"''28,116,1171,158,1,1,1,1,1'",38
"''28,616,1171,778,1,1,1,1,1'",37
"''28,182,1174,296,98010,0,0,0,0'",17
"''28,115,1208,146,1,1,1,1,1'",38
"''28,182,1208,378,97556,97450,0,0,0'",5
"''28,649,1208,778,1,1,1,1,1'",37
"''28,112,1240,159,1,1,1,1,1'",38
"''28,182,1240,346,97556,97450,0,0,0'",6
"''28,632,1240,778,1,1,1,1,1'",37
"''28,798,1241,815,0,0,0,0,0'",38
"''28,114,1272,160,1,1,1,1,1'",38
"''28,183,1272,363,98011,97429,0,0,0'",18
"''28,749,1272,779,1,1,1,1,1'",37
"''28,121,1373,157,0,0,0,0,0'",38
"''28,181,1373,448,97454,0,0,0,0'",38
"''28,98,1440,144,1,1,1,1,1'",38
"''28,180,1440,328,97976,97588,0,0,0'",26
"''28,615,1440,744,1,1,1,1,1'",37
"''28,798,1441,815,0,0,0,0,0'",38
"''28,99,1472,160,1,1,1,1,1'",38
"''28,180,1472,361,98009,97454,0,0,0'",24
"''28,614,1472,727,1,1,1,1,1'",37
"''28,749,1473,777,1,1,1,1,1'",38
"''28,179,1573,680,97595,97454,0,0,0'",38
"''28,181,1638,312,98004,97588,0,0,0'",38
"''28,98,1640,159,1,1,1,1,1'",38
"''28,54,2275,359,0,0,0,0,0'",38
"''29,391,185,1122,97702,97703,0,0,0'",38
"''29,1638,189,2102,97702,97703,97531,97718,0'",38
"''29,1639,234,2082,97719,97720,97721,97722,0'",38
"''29,1636,282,1861,97723,97724,0,0,0'",38
"''29,1638,326,1781,97725,97726,0,0,0'",38
"''29,1638,372,2174,0,0,0,97734,0'",38
"''29,1637,424,1908,0,0,0,0,0'",38
"''29,1822,648,2019,0,0,0,0,0'",38
"''29,273,649,920,97437,97529,97531,0,0'",38
"''29,1399,650,1686,97552,97435,0,0,0'",38
"''29,276,685,794,97905,0,97437,97438,97535'",38
"''29,1398,685,1719,97556,97565,97550,0,0'",38
"''29,1822,688,1897,0,0,0,0,0'",38
"''29,1822,721,2167,0,0,0,0,0'",38
"''29,274,723,984,97538,97884,97539,0,97540'",38
"''29,1399,723,1694,97553,97590,0,0,0'",38
"''29,1819,757,2267,0,0,0,0,0'",38
"''29,1398,760,1786,0,97550,0,0,0'",38
"''29,274,762,495,97542,0,0,0,0'",38
"''29,1399,795,1743,97533,97736,0,0,0'",38
"''29,274,798,543,97543,0,0,0,0'",38
"''29,1824,798,2243,0,0,0,0,0'",38
"''29,274,836,543,97625,97546,0,0,0'",38
"''29,1824,843,2098,0,0,0,0,0'",38
"''29,1576,873,1793,0,0,0,0,0'",38
"''29,1824,873,1920,1,1,1,1,1'",38
"''29,1398,875,1494,97436,0,0,0,0'",38
"''29,1148,951,1272,97553,0,0,0,0'",38
"''29,1295,951,1445,0,0,0,0,0'",38
"''29,273,1024,495,97706,0,0,0,0'",38
"''29,624,1024,1267,0,97742,0,97435,97893'",38
"''29,274,1062,468,97552,0,0,0,0'",38
"''29,722,1062,1069,97888,97566,0,0,0'",38
"''29,273,1098,416,0,0,0,0,0'",38
"''29,972,1101,1017,97570,0,0,0,0'",38
"''29,624,1132,1216,0,97528,0,0,0'",38
"''29,275,1136,420,97451,0,0,0,0'",38
"''29,274,1176,494,97588,97562,0,0,0'",38
"''29,623,1176,1045,0,0,0,0,0'",38
"''29,624,1210,1095,0,0,0,0,0'",38
"''29,273,1211,567,97436,97432,97588,0,0'",38
"''29,273,1249,469,0,0,0,0,0'",38
"''29,624,1249,1047,0,97898,97930,0,0'",38
"''29,274,1285,567,97588,97968,0,0,0'",38
"''29,623,1288,1019,0,0,0,0,0'",38
"''29,274,1396,1392,0,97528,97461,0,0'",38
"''29,1496,1398,1798,0,0,0,0,0'",38
"''29,2000,1398,2186,0,0,0,0,0'",38
"''29,1824,1406,1967,97919,97986,0,0,0'",38
"''29,1421,1407,1468,97442,0,0,0,0'",38
"''29,1799,1475,1870,98012,0,0,0,0'",19
"''29,849,1476,918,98013,0,0,0,0'",32
"''29,1322,1476,1394,97873,0,0,0,0'",34
"''29,750,1510,994,1,1,1,1,1'",37
"''29,1150,1510,1312,1,1,1,1,1'",37
"''29,1326,1510,1467,0,0,0,0,0'",37
"''29,1750,1510,1943,1,1,1,1,1'",37
"''29,274,1511,570,97594,0,0,0,0'",38
"''29,846,1548,918,0,0,0,0,0'",38
"''29,1750,1548,1943,1,1,1,1,1'",37
"''29,274,1549,469,97593,0,0,0,0'",38
"''29,750,1585,991,1,1,1,1,1'",37
"''29,1750,1585,1943,1,1,1,1,1'",37
"''29,274,1588,542,97603,97906,0,0,0'",38
"''29,1824,1659,1943,1,1,1,1,1'",37
"''29,846,1660,918,0,0,0,0,0'",38
"''29,1321,1660,1392,0,0,0,0,0'",38
"''29,273,1736,544,97595,0,0,0,0'",38
"''29,800,1736,992,1,1,1,1,1'",37
"''29,1225,1736,1467,1,1,1,1,1'",37
"''29,1824,1736,1942,1,1,1,1,1'",37
"''29,273,1812,619,97456,97848,0,0,0'",38
"''29,1322,1961,1394,97873,0,0,0,0'",38
"''29,849,1962,918,98013,0,0,0,0'",38
"''29,1799,1962,1869,98012,0,0,0,0'",38
"''29,272,1998,519,97556,97450,0,0,0'",38
"''29,873,1998,994,1,1,1,1,1'",37
"''29,1273,1998,1467,1,1,1,1,1'",37
"''29,1851,1999,1943,1,1,1,1,1'",37
"''29,273,2036,367,1,1,1,1,1'",36
"''29,849,2112,918,98013,0,0,0,0'",38
"''29,1322,2112,1394,97873,0,0,0,0'",38
"''29,1799,2112,1870,98012,0,0,0,0'",38
"''29,800,2147,994,1,1,1,1,1'",37
"''29,1225,2147,1467,1,1,1,1,1'",37
"''29,1825,2147,1943,1,1,1,1,1'",37
"''29,275,2150,593,98014,97456,0,0,0'",20
"''29,270,2222,1068,97442,0,0,97919,0'",38
"''29,1098,2222,1295,0,0,0,0,0'",38
"''29,1322,2222,1468,97432,0,0,0,0'",38
"''29,1500,2222,1967,0,0,0,0,0'",38
"''29,312,3298,1270,0,97703,97531,97561,0'",38
"''29,312,3329,1319,0,0,0,0,0'",38
"''29,309,3384,1664,0,0,0,97432,0'",38
"''30,2480,17,2969,97738,97739,97741,0,0'",38
"''30,7,24,679,97742,97743,97439,97531,97718'",0
"''30,1536,61,1664,1,1,1,1,1'",38
"''30,1736,62,1913,97745,0,0,0,0'",38
"''30,1062,64,1266,97746,0,0,0,0'",38
"''30,1284,64,1443,97452,0,0,0,0'",38
"''30,2930,64,2970,1,1,1,1,1'",38
"''30,2682,66,2876,97635,97435,0,0,0'",38
"''30,2840,147,2971,0,0,0,0,0'",38
"''30,2299,188,2456,0,0,0,0,0'",38
"''30,2615,188,2835,97450,0,0,0,0'",38
"''30,297,189,610,0,97437,97438,0,0'",38
"''30,1310,189,1622,97437,97438,0,0,0'",0
"''30,3,190,248,97452,97435,0,0,0'",38
"''30,1085,191,1263,97531,0,0,0,0'",38
"''30,2096,191,2251,97447,0,0,0,0'",38
"''30,2478,191,2592,0,97449,97450,0,0'",1
"''30,50,269,411,97447,97952,97556,0,0'",38
"''30,1108,272,1196,97593,0,0,0,0'",38
"''30,1422,272,1600,97971,0,0,0,0'",20
"''30,2366,272,2452,97603,0,0,0,0'",38
"''30,475,273,635,97421,0,0,0,0'",38
"''30,1737,273,1916,97972,0,0,0,0'",23
"''30,2053,274,2230,97851,0,0,0,0'",32
"''30,793,312,1036,0,0,0,0,0'",38
"''30,6,313,451,0,97953,97953,97450,0'",36
"''30,2682,313,2840,97853,0,0,0,0'",33
"''30,478,315,653,98017,0,0,0,0'",9
"''30,1107,315,1239,97454,0,0,0,0'",24
"''30,1422,315,1577,0,0,0,0,0'",38
"''30,2052,315,2276,97739,0,0,0,0'",38
"''30,2367,315,2432,97463,0,0,0,0'",17
"''30,1736,316,1892,0,0,0,0,0'",38
"''30,412,438,451,0,0,0,0,0'",38
"''30,8,440,296,0,97617,0,0,0'",38
"''30,478,440,584,0,0,0,0,0'",38
"''30,678,440,923,97931,97967,0,0,0'",38
"''30,208,520,451,0,0,0,0,0'",38
"''30,995,520,1082,1,1,1,1,1'",37
"''30,1624,520,1712,1,1,1,1,1'",37
"''30,2840,520,2971,1,1,1,1,1'",37
"''30,7,521,69,1,1,1,1,1'",38
"''30,1288,521,1395,0,0,0,0,0'",37
"''30,995,562,1082,1,1,1,1,1'",37
"''30,1220,562,1397,1,1,1,1,1'",37
"''30,7,563,69,1,1,1,1,1'",38
"''30,208,563,451,0,0,0,0,0'",38
"''30,1603,563,1710,1,1,1,1,1'",37
"''30,2772,563,2972,1,1,1,1,1'",37
"''30,659,564,766,1,1,1,1,1'",37
"''30,1601,645,1712,1,1,1,1,1'",37
"''30,657,646,767,1,1,1,1,1'",37
"''30,1221,646,1399,1,1,1,1,1'",37
"''30,2773,646,2973,1,1,1,1,1'",37
"''30,6,648,361,0,97967,0,0,0'",38
"''30,994,648,1083,1,1,1,1,1'",37
"''30,413,728,451,0,0,0,0,0'",38
"''30,479,728,609,0,0,0,0,0'",38
"''30,725,730,928,0,0,0,0,0'",38
"''30,8,731,141,0,0,0,0,0'",38
"''30,162,731,344,0,0,0,0,0'",38
"''30,632,731,699,0,0,0,0,0'",38
"''30,209,812,294,1,1,1,1,1'",38
"''30,7,813,70,1,1,1,1,1'",38
"''30,344,813,451,1,1,1,1,1'",38
"''30,636,813,767,1,1,1,1,1'",37
"''30,974,813,1080,1,1,1,1,1'",37
"''30,1266,813,1397,1,1,1,1,1'",37
"''30,1581,813,1711,1,1,1,1,1'",37
"''30,1896,813,2025,0,97910,0,0,0'",37
"''30,2256,813,2341,1,1,1,1,1'",37
"''30,2818,813,2969,1,1,1,1,1'",37
"''30,2595,814,2655,1,1,1,1,1'",37
"''30,209,853,296,1,1,1,1,1'",38
"''30,7,854,70,1,1,1,1,1'",38
"''30,345,854,451,1,1,1,1,1'",38
"''30,1200,854,1398,1,1,1,1,1'",37
"''30,1581,854,1710,1,1,1,1,1'",37
"''30,1897,854,2024,0,0,0,0,0'",37
"''30,2596,854,2656,1,1,1,1,1'",37
"''30,2748,854,2971,1,1,1,1,1'",37
"''30,634,855,768,1,1,1,1,1'",37
"''30,2256,855,2342,1,1,1,1,1'",37
"''30,7,896,69,1,1,1,1,1'",38
"''30,208,896,295,1,1,1,1,1'",38
"''30,344,896,453,1,1,1,1,1'",38
"''30,592,896,697,1,1,1,1,1'",37
"''30,726,896,767,1,1,1,1,1'",38
"''30,952,896,1084,1,1,1,1,1'",38
"''30,1176,896,1397,1,1,1,1,1'",37
"''30,1582,896,1712,1,1,1,1,1'",37
"''30,1829,896,2026,1,1,1,1,1'",37
"''30,2211,896,2344,1,1,1,1,1'",37
"''30,2549,896,2654,1,1,1,1,1'",38
"''30,2728,896,2969,1,1,1,1,1'",38
"''30,7,936,72,1,1,1,1,1'",38
"''30,885,936,1082,1,1,1,1,1'",38
"''30,2774,936,2971,1,1,1,1,1'",38
"''30,208,937,293,1,1,1,1,1'",38
"''30,345,938,451,1,1,1,1,1'",38
"''30,1200,938,1396,1,1,1,1,1'",38
"''30,8,979,72,1,1,1,1,1'",38
"''30,208,979,295,1,1,1,1,1'",38
"''30,1896,979,2025,1,1,1,1,1'",38
"''30,2256,979,2342,1,1,1,1,1'",38
"''30,2596,979,2656,1,1,1,1,1'",38
"''30,2840,980,2970,1,1,1,1,1'",38
"''30,208,1020,296,1,1,1,1,1'",38
"''30,8,1021,69,1,1,1,1,1'",38
"''30,344,1021,451,1,1,1,1,1'",38
"''30,974,1021,1081,1,1,1,1,1'",38
"''30,1600,1021,1711,97646,0,0,0,0'",38
"''30,1896,1021,2025,1,1,1,1,1'",38
"''30,2256,1021,2341,1,1,1,1,1'",38
"''30,2840,1021,2973,0,97904,0,0,0'",38
"''30,659,1022,765,1,1,1,1,1'",38
"''30,2598,1022,2654,1,1,1,1,1'",38
"''30,208,1061,293,1,1,1,1,1'",38
"''30,637,1061,767,1,1,1,1,1'",38
"''30,344,1062,452,1,1,1,1,1'",38
"''30,950,1062,1082,1,1,1,1,1'",38
"''30,8,1063,69,1,1,1,1,1'",38
"''30,1581,1064,1712,1,1,1,1,1'",38
"''30,2840,1064,2969,1,1,1,1,1'",38
"''30,885,1144,1081,1,1,1,1,1'",38
"''30,1829,1144,2024,1,1,1,1,1'",38
"''30,2549,1144,2655,1,1,1,1,1'",38
"''30,2212,1145,2341,1,1,1,1,1'",38
"''30,1514,1146,1712,1,1,1,1,1'",38
"''30,2728,1146,2971,1,1,1,1,1'",38
"''30,6,1148,318,0,0,0,0,0'",38
"''30,344,1153,448,0,0,0,0,0'",38
"''30,413,1229,451,0,0,0,0,0'",38
"''30,8,1232,142,0,0,0,0,0'",38
"''30,164,1232,296,0,0,0,0,0'",38
"''30,478,1232,923,0,97528,97931,97967,0'",38
"''30,8,1312,69,1,1,1,1,1'",38
"''30,208,1312,296,1,1,1,1,1'",38
"''30,344,1312,453,1,1,1,1,1'",38
"''30,707,1312,767,1,1,1,1,1'",38
"''30,995,1312,1080,1,1,1,1,1'",38
"''30,1651,1312,1709,1,1,1,1,1'",38
"''30,2884,1312,2971,1,1,1,1,1'",38
"''30,635,1353,765,1,1,1,1,1'",38
"''30,208,1354,295,1,1,1,1,1'",38
"''30,345,1354,451,1,1,1,1,1'",38
"''30,1600,1354,1711,1,1,1,1,1'",38
"''30,8,1355,71,1,1,1,1,1'",38
"''30,973,1355,1082,1,1,1,1,1'",38
"''30,2862,1355,2969,1,1,1,1,1'",38
"''30,636,1436,768,1,1,1,1,1'",38
"''30,974,1437,1081,1,1,1,1,1'",38
"''30,1601,1437,1711,1,1,1,1,1'",38
"''30,6,1440,361,0,97967,0,0,0'",38
"''30,479,1520,610,0,0,0,0,0'",38
"''30,726,1521,928,0,0,0,0,0'",38
"''30,161,1522,344,0,0,0,0,0'",38
"''30,413,1522,451,0,0,0,0,0'",38
"''30,8,1523,141,0,0,0,0,0'",38
"''30,633,1523,700,0,0,0,0,0'",38
"''30,2816,1603,2969,1,1,1,1,1'",38
"''30,8,1604,69,1,1,1,1,1'",38
"''30,208,1604,294,1,1,1,1,1'",38
"''30,344,1604,451,1,1,1,1,1'",38
"''30,612,1604,768,1,1,1,1,1'",38
"''30,1581,1604,1711,1,1,1,1,1'",38
"''30,1896,1604,2026,1,1,1,1,1'",38
"''30,2598,1604,2656,1,1,1,1,1'",38
"''30,951,1605,1080,1,1,1,1,1'",38
"''30,2280,1605,2339,1,1,1,1,1'",38
"''30,208,1645,296,1,1,1,1,1'",38
"''30,345,1645,451,1,1,1,1,1'",38
"''30,928,1645,1081,1,1,1,1,1'",38
"''30,1556,1645,1711,1,1,1,1,1'",38
"''30,2209,1645,2339,0,0,0,0,0'",38
"''30,2546,1645,2655,1,1,1,1,1'",38
"''30,2773,1645,2970,1,1,1,1,1'",38
"''30,8,1646,69,1,1,1,1,1'",38
"''30,612,1646,768,1,1,1,1,1'",38
"''30,1826,1646,2027,1,1,1,1,1'",38
"''30,8,1688,70,1,1,1,1,1'",38
"''30,208,1688,294,1,1,1,1,1'",38
"''30,344,1688,451,1,1,1,1,1'",38
"''30,569,1688,767,1,1,1,1,1'",38
"''30,883,1688,1080,1,1,1,1,1'",38
"''30,1291,1688,1397,1,1,1,1,1'",38
"''30,1513,1688,1712,1,1,1,1,1'",38
"''30,1807,1688,2025,1,1,1,1,1'",38
"''30,2167,1688,2340,1,1,1,1,1'",38
"''30,2549,1688,2655,1,1,1,1,1'",38
"''30,2751,1688,2970,1,1,1,1,1'",38
"''30,8,1728,69,1,1,1,1,1'",38
"''30,208,1728,295,1,1,1,1,1'",38
"''30,344,1728,451,1,1,1,1,1'",38
"''30,544,1728,766,1,1,1,1,1'",38
"''30,1492,1728,1710,1,1,1,1,1'",38
"''30,2750,1728,2970,1,1,1,1,1'",38
"''30,1491,1810,1709,1,1,1,1,1'",38
"''30,2750,1810,2975,1,1,1,1,1'",38
"''30,884,1811,1082,1,1,1,1,1'",38
"''30,2167,1811,2342,1,1,1,1,1'",38
"''30,542,1812,767,1,1,1,1,1'",38
"''30,1289,1812,1396,1,1,1,1,1'",38
"''30,1807,1812,2025,1,1,1,1,1'",38
"''30,2549,1812,2654,1,1,1,1,1'",38
"''30,6,1814,320,0,0,0,0,0'",38
"''30,344,1817,448,0,0,0,0,0'",38
"''30,8,1896,141,0,0,0,0,0'",38
"''30,412,1896,452,0,0,0,0,0'",38
"''30,478,1896,923,0,0,97931,97967,0'",38
"''30,163,1897,296,0,0,0,0,0'",38
"''30,8,1979,69,1,1,1,1,1'",38
"''30,208,1979,296,1,1,1,1,1'",38
"''30,344,1979,451,1,1,1,1,1'",38
"''30,680,1979,767,1,1,1,1,1'",38
"''30,1024,1979,1082,1,1,1,1,1'",38
"''30,1625,1979,1710,1,1,1,1,1'",38
"''30,2884,1979,2970,1,1,1,1,1'",38
"''30,657,2018,768,97895,0,0,0,0'",38
"''30,1288,2018,1397,1,1,1,1,1'",38
"''30,208,2020,296,1,1,1,1,1'",38
"''30,345,2020,451,1,1,1,1,1'",38
"''30,1624,2020,1712,1,1,1,1,1'",38
"''30,2840,2020,2969,1,1,1,1,1'",38
"''30,995,2021,1083,1,1,1,1,1'",38
"''30,6,2104,361,0,97967,0,0,0'",38
"''30,657,2104,768,1,1,1,1,1'",38
"''30,1288,2104,1396,1,1,1,1,1'",38
"''30,2840,2104,2970,1,1,1,1,1'",38
"''30,1024,2105,1082,1,1,1,1,1'",38
"''30,1651,2105,1711,1,1,1,1,1'",38
"''30,725,2185,927,0,0,0,0,0'",38
"''30,479,2187,609,0,0,0,0,0'",38
"''30,8,2189,142,0,0,0,0,0'",38
"''30,161,2189,344,0,0,0,0,0'",38
"''30,632,2189,699,0,0,0,0,0'",38
"''31,407,384,2076,97750,97751,97752,97529,97753'",38
"''31,778,456,1702,97755,97756,97435,97758,97759'",38
"''31,444,504,2031,97451,97761,97528,97762,97764'",38
"''31,369,552,2108,97766,97767,97768,97769,97770'",38
"''31,767,596,1809,97778,97779,97781,97782,97783'",38
"''31,656,598,745,97731,0,0,0,0'",38
"''31,520,640,1961,97736,0,0,0,0'",38
"''31,582,708,1891,0,97435,0,0,0'",38
"''31,1881,834,2122,1,1,1,1,1'",38
"''31,164,835,549,97461,97550,0,0,0'",38
"''31,165,904,618,97715,97435,0,0,0'",38
"''31,167,1027,941,97437,97529,97531,0,0'",38
"''31,932,1202,1643,97447,97452,97715,0,0'",38
"''31,165,1336,322,0,0,0,0,0'",38
"''31,773,1337,1817,97620,0,97439,97531,97718'",0
"''31,777,1424,1072,97448,97459,0,0,0'",1
"''31,164,1425,311,97447,0,0,0,0'",38
"''31,167,1563,420,97598,97800,0,0,0'",38
"''31,775,1563,960,1,1,1,1,1'",38
"''31,166,1650,624,0,97451,0,0,0'",38
"''31,774,1650,1215,97643,0,97647,0,0'",38
"''31,167,1736,621,97451,97432,97715,0,0'",38
"''31,778,1736,1126,0,97808,97804,0,0'",38
"''31,776,1819,1171,97873,97931,97967,0,0'",3
"''31,165,1825,368,97591,0,0,0,0'",38
"''31,202,1911,445,0,0,0,0,0'",38
"''31,1370,1911,1680,97969,97429,0,0,0'",38
"''31,1950,1911,2278,97970,97429,0,0,0'",38
"''31,1517,2011,1679,1,1,1,1,1'",37
"''31,200,2012,443,97454,97593,0,0,0'",24
"''31,201,2101,359,97853,0,0,0,0'",17
"''31,2128,2103,2290,1,1,1,1,1'",37
"''31,1517,2188,1679,1,1,1,1,1'",37
"''31,199,2189,299,97614,0,0,0,0'",33
"''31,2128,2189,2290,1,1,1,1,1'",37
"''31,585,2258,741,1,1,1,1,1'",36
"''31,198,2259,425,97556,97450,0,0,0'",38
"''31,202,2332,358,97853,0,0,0,0'",17
"''31,2110,2338,2290,1,1,1,1,1'",37
"''31,197,2437,297,97614,0,0,0,0'",33
"''31,2110,2437,2290,1,1,1,1,1'",37
"''31,199,2560,749,97617,97853,97618,0,97919'",38
"''31,1024,2728,1430,0,0,0,0,0'",38
"''31,183,2824,420,0,0,0,0,0'",38
"''31,181,3241,2096,0,0,0,0,0'",38
"''31,185,3289,990,0,0,0,0,0'",38
"''31,777,1424,1181,97448,97449,97450,0,0'",1
"''31,1602,2011,1680,1,1,1,1,1'",37
"''31,200,2158,443,97454,97593,0,0,0'",24
"''31,200,2394,359,97853,0,0,0,0'",17
"''31,199,2480,299,97614,0,0,0,0'",33
"''31,202,2707,358,97853,0,0,0,0'",17
"''31,197,2812,297,97614,0,0,0,0'",33
"''31,165,904,619,97715,97435,0,0,0'",38
"''31,775,1564,960,1,1,1,1,1'",38
"''31,774,1650,1216,97643,0,97647,0,0'",38
"''31,202,2012,369,97422,0,0,0,0'",9
"''31,200,2085,450,97424,0,0,0,0'",14
"''31,2213,2085,2291,1,1,1,1,1'",37
"''31,2192,2157,2292,1,1,1,1,1'",37
"''31,201,2232,757,97422,97456,97971,0,0'",20
"''31,2213,2232,2291,1,1,1,1,1'",37
"''31,202,2305,760,97422,97456,97972,0,0'",22
"''31,1600,2305,1680,1,1,1,1,1'",37
"''31,1601,2385,1680,1,1,1,1,1'",37
"''31,1579,2481,1680,1,1,1,1,1'",37
"''31,2189,2481,2292,1,1,1,1,1'",37
"''31,198,2551,425,97556,97450,0,0,0'",38
"''31,585,2552,740,1,1,1,1,1'",36
"''31,2202,2553,2290,1,1,1,1,1'",38
"''31,202,2625,655,97455,98024,0,0,0'",16
"''31,1592,2626,1679,1,1,1,1,1'",37
"''31,2203,2626,2291,1,1,1,1,1'",37
"''31,1591,2714,1680,1,1,1,1,1'",37
"''31,1591,2813,1680,1,1,1,1,1'",37
"''31,2201,2813,2291,1,1,1,1,1'",37
"''31,2213,2933,2302,1,1,1,1,1'",37
"''31,199,2934,741,97617,97853,97618,97528,97919'",17
"''31,1025,3102,1429,0,0,0,0,0'",38
"''31,183,3200,420,0,0,0,0,0'",38
"''32,1754,342,1812,97731,0,0,0,0'",38
"''32,418,344,807,97585,97439,0,0,0'",38
"''32,1881,346,2199,97932,97933,97934,97935,0'",38
"''32,396,387,829,97936,97937,0,0,0'",38
"''32,1754,387,2202,97734,97932,97933,97939,97940'",38
"''32,445,539,1029,97715,97432,97942,97943,97452'",38
"''32,365,616,439,97436,0,0,0,0'",38
"''32,619,616,764,1,1,1,1,1'",38
"''32,584,669,794,97448,97447,0,0,0'",1
"''32,361,670,468,97447,0,0,0,0'",38
"''32,364,720,523,97952,97953,0,0,0'",38
"''32,618,720,798,1,1,1,1,1'",38
"''32,365,775,468,97451,0,0,0,0'",38
"''32,616,776,860,97643,97956,97804,0,0'",38
"''32,365,827,474,97957,0,0,0,0'",38
"''32,619,883,1006,97437,97529,97961,0,0'",0
"''32,364,884,521,97612,0,0,0,0'",38
"''32,617,934,934,97962,97585,97964,0,0'",38
"''32,364,935,535,97423,97961,0,0,0'",38
"''32,364,989,496,97965,97450,0,0,0'",38
"''32,618,990,716,1,1,1,1,1'",36
"''32,619,1042,784,97931,97967,0,0,0'",3
"''32,364,1044,512,97591,0,0,0,0'",38
"''32,681,1151,794,97968,0,0,0,0'",38
"''32,1249,1151,1338,97969,0,0,0,0'",38
"''32,1554,1151,1653,97970,0,0,0,0'",38
"''32,365,1210,527,97422,0,0,0,0'",9
"''32,365,1263,683,97456,97971,0,0,0'",20
"''32,365,1316,683,97456,97972,0,0,0'",22
"''32,365,1370,736,97851,97739,97456,0,0'",32
"''32,365,1424,837,97529,97424,0,0,0'",14
"''32,364,1476,576,97454,97593,0,0,0'",24
"''32,1272,1476,1454,1,1,1,1,1'",37
"''32,365,1531,566,97900,0,0,0,0'",25
"''32,365,1584,718,97974,97424,0,0,0'",15
"''32,362,1638,464,97975,0,0,0,0'",17
"''32,364,1690,541,97976,97588,0,0,0'",26
"''32,362,1747,469,97614,0,0,0,0'",38
"''32,1272,1747,1454,1,1,1,1,1'",37
"''32,365,1800,516,97853,0,0,0,0'",33
"''32,1272,1800,1454,1,1,1,1,1'",37
"''32,1312,1852,1453,1,1,1,1,1'",37
"''32,362,1853,575,97556,97450,0,0,0'",38
"''32,501,1908,974,0,0,97556,0,0'",38
"''32,1145,1908,1367,97618,97619,97919,0,0'",38
"''32,1503,1910,1680,97618,97528,97919,0,0'",38
"''32,618,2016,772,97422,0,0,0,0'",9
"''32,1126,2016,1424,97456,97971,0,0,0'",20
"''32,1484,2016,1781,97456,97972,0,0,0'",22
"''32,432,2020,532,97447,0,0,0,0'",38
"''32,434,2076,534,97448,0,0,0,0'",38
"''32,443,2131,520,97614,0,0,0,0'",33
"''32,618,2240,763,97851,0,0,0,0'",32
"''32,432,2244,532,97447,0,0,0,0'",38
"''32,1124,2245,1336,97424,0,0,0,0'",14
"''32,1482,2245,1683,97454,97593,0,0,0'",24
"''32,1627,2298,1810,1,1,1,1,1'",37
"''32,434,2300,534,97448,0,0,0,0'",38
"''32,1627,2354,1810,1,1,1,1,1'",37
"''32,443,2355,520,97614,0,0,0,0'",38
"''32,432,2467,532,97447,0,0,0,0'",38
"''32,618,2469,806,97900,0,0,0,0'",38
"''32,1123,2469,1219,97975,0,0,0,0'",17
"''32,1482,2469,1649,97976,97588,0,0,0'",26
"''32,434,2524,534,97448,0,0,0,0'",38
"''32,443,2579,520,97614,0,0,0,0'",33
"''32,386,3204,2211,97585,0,0,97535,0'",38
"''32,446,3255,2150,97439,0,0,0,97620'",38
"''32,1133,3284,1616,0,97898,97593,0,0'",38
"''32,1161,3338,1438,0,0,0,0,0'",38
"''35,1281,315,1319,1,1,1,1,1'",38
"''35,223,383,367,98045,0,0,0,0'",38
"''35,624,383,1283,98046,98048,97439,97804,0'",38
"''35,223,453,573,97714,97432,98049,0,0'",38
"''35,625,453,1192,97457,97458,97459,97804,0'",38
"''35,223,522,518,97461,97462,0,0,0'",38
"''35,621,523,988,97460,0,0,0,0'",38
"''35,223,662,404,97591,0,0,0,0'",38
"''35,621,662,807,97453,97849,0,0,0'",38
"''35,225,731,403,97422,0,0,0,0'",9
"''35,1218,732,1324,1,1,1,1,1'",37
"''35,223,800,472,97424,0,0,0,0'",38
"''35,1245,802,1327,1,1,1,1,1'",38
"''35,223,870,355,97454,0,0,0,0'",38
"''35,1305,871,1327,1,1,1,1,1'",38
"''35,225,939,430,97455,0,0,0,0'",38
"''35,1244,940,1327,1,1,1,1,1'",38
"''35,225,2190,403,97422,0,0,0,0'",9
"''35,1279,1774,1325,1,1,1,1,1'",38
"''35,223,1843,367,98045,0,0,0,0'",38
"''35,624,1843,1283,98046,98048,97439,97804,0'",38
"''35,223,1912,573,97714,97432,98049,0,0'",38
"''35,625,1912,1192,97457,97458,97459,97804,0'",38
"''35,223,1982,518,97461,97462,0,0,0'",38
"''35,621,1983,988,97460,0,0,0,0'",38
"''35,223,2122,404,97591,0,0,0,0'",38
"''35,621,2122,807,97453,97849,0,0,0'",38
"''35,1218,2191,1324,1,1,1,1,1'",38
"''35,223,2260,472,97424,0,0,0,0'",14
"''35,1244,2261,1327,1,1,1,1,1'",37
"''35,223,2329,355,97454,0,0,0,0'",38
"''35,1305,2330,1327,1,1,1,1,1'",38
"''35,225,2399,430,97455,0,0,0,0'",38
"''35,1244,2400,1327,1,1,1,1,1'",38
"''35,225,731,403,97422,0,0,0,0'",9
"''35,1218,732,1324,1,1,1,1,1'",37
"''35,1281,315,1319,1,1,1,1,1'",38
"''35,223,383,367,98045,0,0,0,0'",38
"''35,624,383,1283,98046,98048,97439,97804,0'",38
"''35,223,453,573,97714,97432,98049,0,0'",38
"''35,625,453,1192,97457,97458,97459,97804,0'",38
"''35,223,522,518,97461,97462,0,0,0'",38
"''35,621,523,988,97460,0,0,0,0'",38
"''35,223,662,404,97591,0,0,0,0'",38
"''35,621,662,807,97453,97849,0,0,0'",38
"''35,223,800,472,97424,0,0,0,0'",38
"''35,1245,802,1327,1,1,1,1,1'",38
"''35,223,870,355,97454,0,0,0,0'",38
"''35,1305,871,1327,1,1,1,1,1'",38
"''35,225,939,430,97455,0,0,0,0'",38
"''35,1244,940,1327,1,1,1,1,1'",38
"''35,1279,1774,1325,1,1,1,1,1'",38
"''35,223,1843,367,98045,0,0,0,0'",38
"''35,624,1843,1283,98046,98048,97439,97804,0'",38
"''35,223,1912,573,97714,97432,98049,0,0'",38
"''35,625,1912,1192,97457,97458,97459,97804,0'",38
"''35,223,1982,518,97461,97462,0,0,0'",38
"''35,621,1983,988,97460,0,0,0,0'",38
"''35,223,2122,404,97591,0,0,0,0'",38
"''35,621,2122,807,97453,97849,0,0,0'",38
"''35,225,2190,403,97422,0,0,0,0'",38
"''35,1218,2191,1324,1,1,1,1,1'",38
"''35,223,2260,472,97424,0,0,0,0'",14
"''35,1244,2261,1327,1,1,1,1,1'",37
"''35,223,2329,355,97454,0,0,0,0'",38
"''35,1305,2330,1327,1,1,1,1,1'",38
"''35,225,2399,430,97455,0,0,0,0'",38
"''35,1244,2400,1327,1,1,1,1,1'",38
"''35,1279,1774,1325,1,1,1,1,1'",38
"''35,223,1843,367,98045,0,0,0,0'",38
"''35,624,1843,1283,98046,98048,97439,97804,0'",38
"''35,223,1912,573,97714,97432,98049,0,0'",38
"''35,625,1912,1192,97457,97458,97459,97804,0'",38
"''35,223,1982,518,97461,97462,0,0,0'",38
"''35,621,1983,988,97460,0,0,0,0'",38
"''35,223,2122,404,97591,0,0,0,0'",38
"''35,621,2122,807,97453,97849,0,0,0'",38
"''35,225,2190,403,97422,0,0,0,0'",38
"''35,1218,2191,1324,1,1,1,1,1'",38
"''35,223,2260,472,97424,0,0,0,0'",14
"''35,1244,2261,1327,1,1,1,1,1'",37
"''35,223,2329,355,97454,0,0,0,0'",38
"''35,1305,2330,1327,1,1,1,1,1'",38
"''35,225,2399,430,97455,0,0,0,0'",38
"''35,1244,2400,1327,1,1,1,1,1'",38
"''35,1281,315,1319,1,1,1,1,1'",38
"''35,223,383,367,98045,0,0,0,0'",38
"''35,624,383,1283,98046,98048,97439,97804,0'",38
"''35,223,453,573,97714,97432,98049,0,0'",38
"''35,625,453,1192,97457,97458,97459,97804,0'",38
"''35,223,522,518,97461,97462,0,0,0'",38
"''35,621,523,988,97460,0,0,0,0'",38
"''35,223,662,404,97591,0,0,0,0'",38
"''35,621,662,807,97453,97849,0,0,0'",38
"''35,225,731,403,97422,0,0,0,0'",9
"''35,1218,732,1324,1,1,1,1,1'",37
"''35,223,800,472,97424,0,0,0,0'",38
"''35,1245,802,1327,1,1,1,1,1'",38
"''35,223,870,355,97454,0,0,0,0'",38
"''35,1305,871,1327,1,1,1,1,1'",38
"''35,225,939,430,97455,0,0,0,0'",38
"''35,1244,940,1327,1,1,1,1,1'",38
"''35,1279,1774,1325,1,1,1,1,1'",38
"''35,223,1843,367,98045,0,0,0,0'",38
"''35,624,1843,1283,98046,98048,97439,97804,0'",38
"''35,223,1912,573,97714,97432,98049,0,0'",38
"''35,625,1912,1192,97457,97458,97459,97804,0'",38
"''35,223,1982,518,97461,97462,0,0,0'",38
"''35,621,1983,988,97460,0,0,0,0'",38
"''35,223,2122,404,97591,0,0,0,0'",38
"''35,621,2122,807,97453,97849,0,0,0'",38
"''35,225,2190,403,97422,0,0,0,0'",38
"''35,1218,2191,1324,1,1,1,1,1'",38
"''35,223,2260,472,97424,0,0,0,0'",14
"''35,1244,2261,1327,1,1,1,1,1'",37
"''35,223,2329,355,97454,0,0,0,0'",38
"''35,1305,2330,1327,1,1,1,1,1'",38
"''35,225,2399,430,97455,0,0,0,0'",38
"''35,1244,2400,1327,1,1,1,1,1'",38
"''36,304,378,531,98053,98054,0,0,0'",38
"''36,636,487,812,97453,97849,0,0,0'",38
"''36,302,489,466,97591,0,0,0,0'",38
"''36,304,599,489,98056,0,0,0,0'",9
"''36,636,600,779,0,0,0,0,0'",37
"''36,302,710,527,97424,0,0,0,0'",38
"''36,636,710,812,0,0,0,0,0'",38
"''36,302,821,421,97454,0,0,0,0'",38
"''36,636,822,733,97600,0,0,0,0'",38
"''36,659,933,805,1,1,1,1,1'",38
"''36,304,934,386,0,0,0,0,0'",38
"''36,304,1043,439,97850,0,0,0,0'",38
"''36,636,1044,733,97600,0,0,0,0'",38
"''36,636,1155,733,97600,0,0,0,0'",38
"''36,304,1156,439,97851,0,0,0,0'",38
"''36,304,1265,488,97455,0,0,0,0'",38
"''36,659,1266,779,1,1,1,1,1'",38
"''36,304,1376,458,97852,0,0,0,0'",38
"''36,636,1377,733,97600,0,0,0,0'",38
"''36,304,1487,442,97853,0,0,0,0'",38
"''36,659,1488,811,1,1,1,1,1'",38
"''36,304,377,530,98053,97891,0,0,0'",38
"''36,636,599,778,0,0,0,0,0'",37
"''36,304,377,531,98053,97710,0,0,0'",38
"''36,659,599,779,1,1,1,1,1'",37
"''36,304,599,489,98056,0,0,0,0'",38
"''36,636,599,779,0,0,0,0,0'",38
"''36,304,378,532,98053,97902,0,0,0'",38
"''36,636,600,780,0,0,0,0,0'",38
"''36,304,377,525,98053,97729,0,0,0'",38
"''36,636,599,811,0,0,0,0,0'",38
"''36,659,600,779,1,1,1,1,1'",38
"''36,304,378,531,98053,98054,0,0,0'",38
"''36,636,487,812,97453,97849,0,0,0'",38
"''36,302,489,466,97591,0,0,0,0'",38
"''36,304,599,489,98056,0,0,0,0'",9
"''36,636,600,779,0,0,0,0,0'",37
"''36,302,710,527,97424,0,0,0,0'",38
"''36,636,710,812,0,0,0,0,0'",38
"''36,302,821,421,97454,0,0,0,0'",38
"''36,636,822,733,97600,0,0,0,0'",38
"''36,659,933,805,1,1,1,1,1'",38
"''36,304,934,386,0,0,0,0,0'",38
"''36,304,1043,439,97850,0,0,0,0'",38
"''36,636,1044,733,97600,0,0,0,0'",38
"''36,636,1155,733,97600,0,0,0,0'",38
"''36,304,1156,439,97851,0,0,0,0'",38
"''36,304,1265,488,97455,0,0,0,0'",38
"''36,659,1266,779,1,1,1,1,1'",38
"''36,304,1376,458,97852,0,0,0,0'",38
"''36,636,1377,733,97600,0,0,0,0'",38
"''36,304,1487,442,97853,0,0,0,0'",38
"''36,659,1488,811,1,1,1,1,1'",38
"''36,304,377,531,98053,97710,0,0,0'",38
"''36,659,599,779,1,1,1,1,1'",37
"''36,304,377,530,98053,97891,0,0,0'",38
"''36,636,599,778,0,0,0,0,0'",37
"''36,304,599,489,98056,0,0,0,0'",38
"''36,636,599,779,0,0,0,0,0'",38
"''36,304,378,532,98053,97902,0,0,0'",38
"''36,636,600,780,0,0,0,0,0'",38
"''36,304,377,525,98053,97729,0,0,0'",38
"''36,636,599,811,0,0,0,0,0'",38
"''36,659,600,779,1,1,1,1,1'",38
"''36,636,600,780,0,0,0,0,0'",37
"''36,636,599,779,0,0,0,0,0'",37
"''36,659,599,779,1,1,1,1,1'",38
"''36,636,599,778,0,0,0,0,0'",38
"''36,659,600,779,1,1,1,1,1'",37
"''36,636,599,811,0,0,0,0,0'",37
"''36,302,710,527,97424,0,0,0,0'",14
"''36,636,710,812,0,0,0,0,0'",37
"''35,225,2190,403,97422,0,0,0,0'",9
"''35,1218,2191,1324,1,1,1,1,1'",37
"''35,223,2260,472,97424,0,0,0,0'",38
"''35,1244,2261,1327,1,1,1,1,1'",38
"''35,223,800,472,97424,0,0,0,0'",14
"''35,1245,802,1327,1,1,1,1,1'",37
"''35,1245,802,1327,1,1,1,1,1'",37
"''36,304,599,489,98056,0,0,0,0'",38
"''35,223,800,472,97424,0,0,0,0'",14
"''35,1281,315,1319,1,1,1,1,1'",17
"''35,1281,315,1319,1,1,1,1,1'",17
"''26,710,224,942,97452,97464,0,0,0'",38
"''26,1468,250,1610,97521,97522,0,0,0'",38
"''26,93,304,538,97529,97530,98085,98086,98086'",38
"''26,15,305,45,97528,0,0,0,0'",38
"''26,1008,328,1361,98089,0,0,0,0'",38
"''26,94,331,377,97437,97529,97531,97534,0'",38
"''26,801,331,884,97533,0,0,0,0'",38
"''26,93,356,259,97987,97988,0,0,0'",38
"''26,802,356,870,97537,0,0,0,0'",38
"''26,92,408,229,97543,0,0,0,0'",38
"''26,801,409,930,97464,97436,0,0,0'",38
"''26,94,434,314,97546,97547,97432,0,0'",38
"''26,801,434,1004,0,97435,0,0,0'",38
"''26,801,461,915,97461,97550,97435,0,0'",38
"''26,801,513,869,97463,0,0,0,0'",38
"''26,240,576,545,0,0,0,97961,97718'",38
"''26,15,577,159,97552,97559,0,0,0'",38
"''26,240,600,839,0,97457,0,0,0'",38
"''26,14,603,170,97552,97562,0,0,0'",38
"''26,15,629,188,97572,97451,0,0,0'",38
"''26,14,655,200,97556,97552,97550,0,0'",38
"''26,241,680,925,0,97438,0,97551,0'",38
"''26,968,733,1116,97591,0,0,0,0'",38
"''26,1385,784,1618,97432,0,97576,97609,0'",38
"''26,41,836,287,98037,0,0,0,0'",38
"''26,63,862,283,97420,97421,97422,0,0'",38
"''26,63,889,246,97423,97424,0,0,0'",38
"''26,62,914,183,97425,97426,0,0,0'",38
"''26,63,939,288,97425,97426,97427,0,0'",38
"''26,63,966,271,97425,97426,0,0,0'",38
"''26,63,1016,418,97617,97618,97528,0,0'",38
"''26,426,1016,495,97961,97718,0,0,0'",38
"''26,42,1071,185,0,97618,0,0,0'",38
"''26,63,1096,162,97596,97618,0,0,0'",7
"''26,64,1122,276,97428,97429,0,0,0'",38
"''26,63,1146,515,97617,97618,97619,97437,97529'",38
"''26,63,1227,294,97420,97595,97588,0,0'",38
"''26,43,1304,1252,0,0,97969,0,97986'",38
"''26,326,2224,1335,97739,0,98086,97561,0'",38
"''26,1421,2269,1488,97635,0,0,0,0'",38
"''26,0,2320,302,0,97439,0,0,0'",38
"''26,1392,16,1635,0,0,0,0,0'",38
"''26,92,383,208,0,0,0,0,0'",38
"''26,1073,409,1195,0,0,0,0,0'",38
"''26,1075,434,1170,1,1,1,1,1'",38
"''26,1073,458,1331,0,0,0,0,0'",38
"''26,241,628,497,1,1,1,1,1'",38
"''26,16,681,135,0,0,0,0,0'",38
"''26,1509,758,1617,1,1,1,1,1'",38
"''26,1211,784,1341,1,1,1,1,1'",38
"''26,1263,862,1343,1,1,1,1,1'",38
"''26,1551,862,1617,1,1,1,1,1'",38
"''26,1274,888,1342,1,1,1,1,1'",38
"''26,800,889,926,0,0,0,0,0'",38
"''26,1562,889,1618,1,1,1,1,1'",38
"''26,1562,913,1617,1,1,1,1,1'",38
"''26,726,916,914,0,0,0,0,0'",38
"''26,1577,940,1614,1,1,1,1,1'",38
"''26,726,942,913,0,0,0,0,0'",38
"''26,1576,966,1617,1,1,1,1,1'",38
"''26,725,968,913,0,0,0,0,0'",38
"''26,1559,1016,1607,1,1,1,1,1'",38
"''26,1565,1096,1615,1,1,1,1,1'",37
"''26,726,1120,914,0,0,0,0,0'",38
"''26,1563,1120,1617,1,1,1,1,1'",38
"''26,1566,1149,1615,1,1,1,1,1'",38
"''26,42,1201,306,0,0,0,0,0'",38
"''26,1301,1226,1342,1,1,1,1,1'",38
"''26,1577,1226,1618,1,1,1,1,1'",38
"''26,584,2250,1064,0,0,0,0,0'",38
"''26,322,2321,372,0,0,0,0,0'",38
"''26,373,2323,459,0,0,0,0,0'",38
"''3,574,847,1066,98046,98048,97439,97804,0'",0
"''3,574,907,1142,97457,97458,97459,97804,97805'",1
"''3,641,1774,722,98050,0,0,0,0'",37
"''3,1842,506,2186,97821,0,0,0,0'",38
"''3,1840,575,2009,1,1,1,1,1'",38
"''3,206,848,317,98045,0,0,0,0'",38
"''3,206,908,491,97714,97432,98049,0,0'",38
"''3,598,959,1031,0,97528,0,0,0'",2
"''3,574,1010,1028,0,97528,0,0,0'",38
"''3,574,1065,878,97460,0,0,0,0'",38
"''3,629,1173,800,97453,97849,0,0,0'",38
"''3,641,1774,722,1,1,1,1,1'",37
"''3,629,1173,800,97453,97849,0,0,0'",3
"''35,272,1174,382,97422,0,0,0,0'",9
"''35,271,1209,427,97424,0,0,0,0'",14
"''35,2104,1174,2220,1,1,1,1,1'",37
"''37,272,1174,382,97422,0,0,0,0'",9
"''37,2104,1174,2220,1,1,1,1,1'",37
"''37,271,1209,427,97424,0,0,0,0'",14
"''37,2146,1209,2220,1,1,1,1,1'",37
"''3,574,907,1011,97457,97458,97459,97804,0'",1
"''3,639,1239,770,1,1,1,1,1'",37
"''3,639,1299,770,1,1,1,1,1'",37
"''3,639,1422,764,1,1,1,1,1'",37
"''3,639,1605,741,1,1,1,1,1'",37
"''3,639,1774,770,1,1,1,1,1'",37
"''3,574,1010,1028,0,97528,0,0,0'",2
"''3,574,907,1210,97448,0,0,97804,0'",1
"''3,574,1010,1028,1,1,1,1,1'",2
"''3,639,1299,697,1,1,1,1,1'",37
"''3,639,1422,697,1,1,1,1,1'",37
"''3,227,1781,351,97853,0,0,0,0'",38
"''3,227,1781,351,97853,0,0,0,0'",38
"''3,574,847,1066,98046,98048,97439,97804,0'",0
"''3,574,907,1210,97448,0,0,97804,0'",1
"''3,598,959,1031,1,1,1,1,1'",2
"''3,574,1010,1028,1,1,1,1,1'",2
"''3,639,1239,722,1,1,1,1,1'",37
"''3,227,1243,366,97422,0,0,0,0'",9
"''3,639,1299,697,1,1,1,1,1'",37
"''3,226,1303,423,97424,0,0,0,0'",14
"''3,639,1362,703,1,1,1,1,1'",37
"''3,226,1366,333,97454,0,0,0,0'",24
"''3,639,1422,697,1,1,1,1,1'",37
"''3,227,1426,353,97456,0,0,0,0'",20
"''3,639,1485,703,1,1,1,1,1'",37
"''3,227,1489,350,97850,0,0,0,0'",22
"''3,639,1545,703,1,1,1,1,1'",37
"''3,227,1549,344,97851,0,0,0,0'",32
"''3,639,1605,703,1,1,1,1,1'",37
"''3,227,1609,388,97455,0,0,0,0'",16
"''3,648,1677,712,1,1,1,1,1'",37
"''3,233,1678,367,97852,0,0,0,0'",10
"''3,227,1781,351,97853,0,0,0,0'",38
"''3,1018,240,1429,97430,0,0,0,0'",38
"''3,1019,338,1428,97431,97432,97433,0,0'",38
"''3,1842,506,2186,97821,0,0,0,0'",38
"''3,1562,509,1740,97434,97435,0,0,0'",38
"''3,1840,575,2009,1,1,1,1,1'",38
"''3,1562,578,1768,97434,97436,0,0,0'",38
"''3,206,691,480,97823,97437,97438,0,0'",38
"''3,208,756,733,0,97447,97715,0,0'",38
"''3,206,848,317,98045,0,0,0,0'",38
"''3,206,908,491,97714,97432,98049,0,0'",38
"''3,210,963,482,97451,97432,97808,0,0'",38
"''3,207,1017,459,97451,97432,97447,0,0'",38
"''3,574,1065,878,97460,0,0,0,0'",38
"''3,206,1066,433,97461,97462,0,0,0'",38
"''3,629,1173,800,97453,97849,0,0,0'",38
"''3,226,1174,371,97591,0,0,0,0'",38
"''23,1567,638,1720,0,0,0,0,0'",2
"''23,325,944,591,0,0,0,97865,0'",0
"''23,326,1015,1107,0,0,97906,97432,97588'",1
"''23,904,1970,1059,98112,97578,0,0,0'",9
"''23,1234,1970,1284,1,1,1,1,1'",37
"''3,598,959,1031,1,1,1,1,1'",2
"''3,598,959,1031,1,1,1,1,1'",2
"''2,227,1243,366,97422,0,0,0,0'",9
"''2,226,1303,423,97424,0,0,0,0'",14
"''2,226,1366,333,97454,0,0,0,0'",24
"''2,227,1426,353,97456,0,0,0,0'",20
"''2,227,1489,350,97850,0,0,0,0'",22
"''2,227,1549,344,97851,0,0,0,0'",32
"''2,227,1609,388,97455,0,0,0,0'",16
"''2,233,1678,367,97852,0,0,0,0'",10
"''2,574,847,1066,98046,98048,97439,97804,0'",0
"''2,574,907,1142,97457,97458,97459,97804,97805'",1
"''2,598,959,1031,1,1,1,1,1'",2
"''2,629,1173,800,97453,97849,0,0,0'",3
"''2,639,1239,722,1,1,1,1,1'",37
"''2,639,1299,703,1,1,1,1,1'",37
"''2,639,1362,703,1,1,1,1,1'",37
"''2,639,1422,703,1,1,1,1,1'",37
"''2,639,1485,703,1,1,1,1,1'",37
"''2,639,1545,703,1,1,1,1,1'",37
"''2,639,1605,703,1,1,1,1,1'",37
"''2,648,1677,712,1,1,1,1,1'",37
"''2,641,1774,722,98050,0,0,0,0'",37
"''2,525,847,975,98046,98048,97439,97804,0'",0
"''2,525,907,1044,97457,97458,97459,97804,97805'",1
"''2,547,959,943,1,1,1,1,1'",2
"''2,575,1173,731,97453,97849,0,0,0'",3
"''2,584,1239,660,1,1,1,1,1'",37
"''2,207,1243,334,97422,0,0,0,0'",9
"''2,584,1299,643,1,1,1,1,1'",37
"''2,206,1303,387,97424,0,0,0,0'",14
"''2,584,1362,643,1,1,1,1,1'",37
"''2,206,1366,304,97454,0,0,0,0'",24
"''2,584,1605,643,1,1,1,1,1'",37
"''2,207,1609,354,97455,0,0,0,0'",16
"''2,525,1256,975,98046,98048,97439,97804,0'",0
"''2,525,1345,1044,97457,97458,97459,97804,97805'",1
"''2,547,1422,943,1,1,1,1,1'",2
"''2,575,1739,731,97453,97849,0,0,0'",3
"''2,584,1837,660,1,1,1,1,1'",37
"''2,207,1843,334,97422,0,0,0,0'",9
"''2,584,1926,643,1,1,1,1,1'",37
"''2,206,1932,387,97424,0,0,0,0'",14
"''2,584,2020,643,1,1,1,1,1'",37
"''2,206,2026,304,97454,0,0,0,0'",24
"''2,584,2380,643,1,1,1,1,1'",37
"''2,207,2386,354,97455,0,0,0,0'",16
"''37,244,1996,342,97422,0,0,0,0'",9
"''37,243,2056,383,97424,0,0,0,0'",14
"''37,445,1352,883,0,97584,0,97439,97961'",0
"''37,447,1409,964,97457,97458,97449,97450,97459'",1
"''37,446,1471,735,0,0,0,0,0'",2
"''37,1887,1996,1991,1,1,1,1,1'",37
"''37,1925,2056,1991,1,1,1,1,1'",37
"''2,575,1739,731,97453,0,0,0,0'",3
